I1,I2,Vforce,GRND,V1,V2,Iforce
0.0,0.0,-0.2,0.0,-0.10325,-0.09575,-0.0005872000000000001
0.0,0.0,-0.192,0.0,-0.0991,-0.09195,-0.0005638
0.0,0.0,-0.184,0.0,-0.095,-0.08805,-0.0005402
0.0,0.0,-0.17600000000000002,0.0,-0.09085,-0.08425,-0.0005167
0.0,0.0,-0.168,0.0,-0.0867,-0.0805,-0.0004933
0.0,0.0,-0.16,0.0,-0.08255,-0.07665,-0.0004697
0.0,0.0,-0.15200000000000002,0.0,-0.07845,-0.07275,-0.0004463
0.0,0.0,-0.14400000000000002,0.0,-0.07435,-0.06895,-0.00042290000000000003
0.0,0.0,-0.136,0.0,-0.0702,-0.0651,-0.0003993
0.0,0.0,-0.128,0.0,-0.06605,-0.0613,-0.00037580000000000003
0.0,0.0,-0.12000000000000001,0.0,-0.06195,-0.05745,-0.0003523
0.0,0.0,-0.11200000000000002,0.0,-0.05775,-0.0536,-0.0003288
0.0,0.0,-0.10400000000000001,0.0,-0.05365,-0.04975,-0.00030540000000000005
0.0,0.0,-0.096,0.0,-0.0495,-0.04595,-0.0002818
0.0,0.0,-0.08800000000000001,0.0,-0.0453,-0.0421,-0.0002584
0.0,0.0,-0.08000000000000002,0.0,-0.0412,-0.0383,-0.00023490000000000002
0.0,0.0,-0.07200000000000001,0.0,-0.03715,-0.03445,-0.00021140000000000002
0.0,0.0,-0.064,0.0,-0.0329,-0.0306,-0.00018790000000000001
0.0,0.0,-0.055999999999999994,0.0,-0.02885,-0.0268,-0.0001644
0.0,0.0,-0.048000000000000015,0.0,-0.0247,-0.023,-0.000141
0.0,0.0,-0.04000000000000001,0.0,-0.0206,-0.0191,-0.00011740000000000001
0.0,0.0,-0.032,0.0,-0.0165,-0.0153,-9.391000000000001e-05
0.0,0.0,-0.02400000000000002,0.0,-0.01235,-0.01145,-7.039e-05
0.0,0.0,-0.016000000000000014,0.0,-0.0082,-0.00765,-4.693e-05
0.0,0.0,-0.008000000000000007,0.0,-0.0041,-0.0038,-2.3380000000000003e-05
0.0,0.0,0.0,0.0,5e-05,5e-05,6.083699999999999e-08
0.0,0.0,0.008000000000000007,0.0,0.0042,0.00385,2.358e-05
0.0,0.0,0.015999999999999986,0.0,0.00835,0.0077,4.7090000000000005e-05
0.0,0.0,0.023999999999999994,0.0,0.0125,0.01155,7.057999999999999e-05
0.0,0.0,0.032,0.0,0.0166,0.01535,9.406e-05
0.0,0.0,0.03999999999999998,0.0,0.02065,0.01925,0.0001175
0.0,0.0,0.04799999999999999,0.0,0.02485,0.023,0.0001409
0.0,0.0,0.055999999999999994,0.0,0.02905,0.0268,0.0001645
0.0,0.0,0.064,0.0,0.0331,0.0307,0.00018790000000000001
0.0,0.0,0.07200000000000001,0.0,0.03725,0.0345,0.00021140000000000002
0.0,0.0,0.08000000000000002,0.0,0.04145,0.0384,0.00023490000000000002
0.0,0.0,0.08800000000000002,0.0,0.04555,0.0422,0.0002584
0.0,0.0,0.09599999999999997,0.0,0.0497,0.04605,0.0002818
0.0,0.0,0.10399999999999998,0.0,0.0538,0.0498,0.00030540000000000005
0.0,0.0,0.11199999999999999,0.0,0.0579,0.05365,0.0003289
0.0,0.0,0.12,0.0,0.062,0.0575,0.0003523
0.0,0.0,0.128,0.0,0.06615,0.06135,0.00037580000000000003
0.0,0.0,0.136,0.0,0.07035,0.06515,0.00039940000000000006
0.0,0.0,0.14400000000000002,0.0,0.07445,0.069,0.00042280000000000003
0.0,0.0,0.15199999999999997,0.0,0.0786,0.0728,0.0004464
0.0,0.0,0.15999999999999998,0.0,0.0827,0.07665,0.00046990000000000004
0.0,0.0,0.16799999999999998,0.0,0.08685,0.0805,0.0004934000000000001
0.0,0.0,0.176,0.0,0.09095,0.08435,0.0005168999999999999
0.0,0.0,0.184,0.0,0.0951,0.08815,0.0005404
0.0,0.0,0.192,0.0,0.0992,0.09195,0.0005638
0.0,0.0,0.2,0.0,0.10335,0.0958,0.0005874
