V_sub,V_Source,V_Drain,V_Gate,I_Drain,I_Source
0.0,0.0,-7.0,-1.0,-5.4116e-09,-4.971199999999999e-10
0.0,0.0,-6.9,-1.0,-5.4349999999999995e-09,-5.3464e-10
0.0,0.0,-6.8,-1.0,-5.3652000000000005e-09,-5.1764e-10
0.0,0.0,-6.7,-1.0,-5.3680000000000005e-09,-5.2894e-10
0.0,0.0,-6.6,-1.0,-5.3168e-09,-5.137800000000001e-10
0.0,0.0,-6.5,-1.0,-5.288e-09,-5.194000000000001e-10
0.0,0.0,-6.4,-1.0,-5.2016e-09,-5.2264e-10
0.0,0.0,-6.3,-1.0,-5.2621999999999995e-09,-5.3958e-10
0.0,0.0,-6.2,-1.0,-5.105e-09,-5.0564e-10
0.0,0.0,-6.1,-1.0,-5.1428e-09,-5.1844e-10
0.0,0.0,-6.0,-1.0,-5.0512e-09,-5.153600000000001e-10
0.0,0.0,-5.9,-1.0,-5.0734e-09,-5.113e-10
0.0,0.0,-5.8,-1.0,-4.939e-09,-5.143600000000001e-10
0.0,0.0,-5.7,-1.0,-4.958600000000001e-09,-5.225000000000001e-10
0.0,0.0,-5.6,-1.0,-4.907200000000001e-09,-5.175e-10
0.0,0.0,-5.5,-1.0,-4.872600000000001e-09,-5.2868e-10
0.0,0.0,-5.4,-1.0,-4.846000000000001e-09,-5.437e-10
0.0,0.0,-5.3,-1.0,-4.8024e-09,-5.461800000000001e-10
0.0,0.0,-5.2,-1.0,-4.7898e-09,-5.4792e-10
0.0,0.0,-5.1,-1.0,-4.740400000000001e-09,-5.363600000000001e-10
0.0,0.0,-5.0,-1.0,-4.697e-09,-5.3516e-10
0.0,0.0,-4.9,-1.0,-4.6392e-09,-5.5842e-10
0.0,0.0,-4.8,-1.0,-4.6808e-09,-5.4712e-10
0.0,0.0,-4.699999999999999,-1.0,-4.5978e-09,-5.472200000000001e-10
0.0,0.0,-4.6,-1.0,-4.6182000000000005e-09,-5.393200000000001e-10
0.0,0.0,-4.5,-1.0,-4.4862000000000005e-09,-5.3366e-10
0.0,0.0,-4.4,-1.0,-4.5158000000000005e-09,-5.189200000000001e-10
0.0,0.0,-4.3,-1.0,-4.4006e-09,-5.195e-10
0.0,0.0,-4.199999999999999,-1.0,-4.4494e-09,-5.1708e-10
0.0,0.0,-4.1,-1.0,-4.3506e-09,-5.176000000000001e-10
0.0,0.0,-4.0,-1.0,-4.3624e-09,-5.353200000000001e-10
0.0,0.0,-3.9,-1.0,-4.2946e-09,-5.392400000000001e-10
0.0,0.0,-3.8,-1.0,-4.2778e-09,-5.2982e-10
0.0,0.0,-3.6999999999999997,-1.0,-4.2574e-09,-5.4038e-10
0.0,0.0,-3.5999999999999996,-1.0,-4.1936e-09,-5.259999999999999e-10
0.0,0.0,-3.5,-1.0,-4.183199999999999e-09,-5.5442e-10
0.0,0.0,-3.4,-1.0,-4.1524e-09,-5.4612e-10
0.0,0.0,-3.3,-1.0,-4.119e-09,-5.449000000000001e-10
0.0,0.0,-3.1999999999999997,-1.0,-4.069e-09,-5.337e-10
0.0,0.0,-3.0999999999999996,-1.0,-4.0612e-09,-5.6018e-10
0.0,0.0,-3.0,-1.0,-4.0314e-09,-5.4156e-10
0.0,0.0,-2.8999999999999995,-1.0,-4.0178e-09,-5.4678e-10
0.0,0.0,-2.8,-1.0,-3.921e-09,-5.528e-10
0.0,0.0,-2.7,-1.0,-3.9433999999999994e-09,-5.459200000000001e-10
0.0,0.0,-2.5999999999999996,-1.0,-3.8392e-09,-5.381e-10
0.0,0.0,-2.5,-1.0,-3.904e-09,-5.538800000000001e-10
0.0,0.0,-2.3999999999999995,-1.0,-3.79e-09,-5.3498e-10
0.0,0.0,-2.3,-1.0,-3.786e-09,-5.2766e-10
0.0,0.0,-2.1999999999999993,-1.0,-3.664e-09,-5.3552e-10
0.0,0.0,-2.0999999999999996,-1.0,-3.5834e-09,-5.4896e-10
0.0,0.0,-2.0,-1.0,-3.4748e-09,-5.442e-10
0.0,0.0,-1.8999999999999995,-1.0,-3.4062e-09,-5.764200000000001e-10
0.0,0.0,-1.7999999999999998,-1.0,-3.34e-09,-5.596200000000001e-10
0.0,0.0,-1.6999999999999993,-1.0,-3.2756e-09,-5.5356e-10
0.0,0.0,-1.5999999999999996,-1.0,-3.2414e-09,-5.5642e-10
0.0,0.0,-1.5,-1.0,-3.205e-09,-5.502e-10
0.0,0.0,-1.3999999999999995,-1.0,-3.1772e-09,-5.671200000000001e-10
0.0,0.0,-1.2999999999999998,-1.0,-3.142e-09,-5.511e-10
0.0,0.0,-1.1999999999999993,-1.0,-3.1416e-09,-5.6638e-10
0.0,0.0,-1.0999999999999996,-1.0,-3.0616000000000003e-09,-5.44e-10
0.0,0.0,-1.0,-1.0,-3.0426e-09,-5.4484e-10
0.0,0.0,-0.8999999999999995,-1.0,-2.9654e-09,-5.4684e-10
0.0,0.0,-0.7999999999999998,-1.0,-2.9934e-09,-5.627400000000001e-10
0.0,0.0,-0.6999999999999993,-1.0,-2.8912e-09,-5.497400000000001e-10
0.0,0.0,-0.5999999999999996,-1.0,-2.9126e-09,-5.3792e-10
0.0,0.0,-0.5,-1.0,-2.8373999999999997e-09,-5.5844e-10
0.0,0.0,-0.39999999999999947,-1.0,-2.8267999999999998e-09,-5.5782e-10
0.0,0.0,-0.2999999999999998,-1.0,-2.7534e-09,-5.5192e-10
0.0,0.0,-0.1999999999999993,-1.0,-2.7138000000000003e-09,-5.5308e-10
0.0,0.0,-0.09999999999999964,-1.0,-2.5950000000000002e-09,-5.5588e-10
0.0,0.0,0.0,-1.0,-6.3802e-10,-6.215600000000001e-10
0.0,0.0,-7.0,-2.0,-6.6794e-09,6.975200000000001e-10
0.0,0.0,-6.9,-2.0,-6.7362e-09,6.734200000000001e-10
0.0,0.0,-6.8,-2.0,-6.656e-09,6.772200000000001e-10
0.0,0.0,-6.7,-2.0,-6.5816e-09,6.283200000000001e-10
0.0,0.0,-6.6,-2.0,-6.6342e-09,6.3928e-10
0.0,0.0,-6.5,-2.0,-6.5368e-09,6.447e-10
0.0,0.0,-6.4,-2.0,-6.5513999999999995e-09,6.5746e-10
0.0,0.0,-6.3,-2.0,-6.416e-09,6.757600000000001e-10
0.0,0.0,-6.2,-2.0,-6.4028e-09,6.7214e-10
0.0,0.0,-6.1,-2.0,-6.3336e-09,6.4588e-10
0.0,0.0,-6.0,-2.0,-6.3396e-09,6.347600000000001e-10
0.0,0.0,-5.9,-2.0,-6.1404e-09,5.9164e-10
0.0,0.0,-5.8,-2.0,-6.1955999999999996e-09,6.0388e-10
0.0,0.0,-5.7,-2.0,-6.0553999999999996e-09,5.5342e-10
0.0,0.0,-5.6,-2.0,-6.1072e-09,5.7444e-10
0.0,0.0,-5.5,-2.0,-5.9560000000000005e-09,5.589600000000001e-10
0.0,0.0,-5.4,-2.0,-5.9748e-09,5.3648e-10
0.0,0.0,-5.3,-2.0,-5.882e-09,5.317200000000001e-10
0.0,0.0,-5.2,-2.0,-5.8708e-09,5.4712e-10
0.0,0.0,-5.1,-2.0,-5.8118e-09,5.3626e-10
0.0,0.0,-5.0,-2.0,-5.7886000000000005e-09,5.5172e-10
0.0,0.0,-4.9,-2.0,-5.722000000000001e-09,4.8582e-10
0.0,0.0,-4.8,-2.0,-5.6918000000000005e-09,4.689800000000001e-10
0.0,0.0,-4.699999999999999,-2.0,-5.6852e-09,4.721000000000001e-10
0.0,0.0,-4.6,-2.0,-5.5994e-09,4.5480000000000007e-10
0.0,0.0,-4.5,-2.0,-5.5862000000000004e-09,4.7774e-10
0.0,0.0,-4.4,-2.0,-5.5002000000000005e-09,4.6100000000000006e-10
0.0,0.0,-4.3,-2.0,-5.5334e-09,4.5512000000000003e-10
0.0,0.0,-4.199999999999999,-2.0,-5.384800000000001e-09,4.4964e-10
0.0,0.0,-4.1,-2.0,-5.4356000000000005e-09,4.2668e-10
0.0,0.0,-4.0,-2.0,-5.3042e-09,4.2028e-10
0.0,0.0,-3.9,-2.0,-5.3508e-09,4.1472000000000004e-10
0.0,0.0,-3.8,-2.0,-5.2304000000000005e-09,3.9828000000000005e-10
0.0,0.0,-3.6999999999999997,-2.0,-5.2722e-09,3.9420000000000004e-10
0.0,0.0,-3.5999999999999996,-2.0,-5.1468e-09,3.97e-10
0.0,0.0,-3.5,-2.0,-5.1424e-09,3.7748e-10
0.0,0.0,-3.4,-2.0,-5.09e-09,3.7292e-10
0.0,0.0,-3.3,-2.0,-5.0682e-09,3.6858000000000003e-10
0.0,0.0,-3.1999999999999997,-2.0,-5.0061999999999995e-09,3.5156e-10
0.0,0.0,-3.0999999999999996,-2.0,-4.9612e-09,3.5016e-10
0.0,0.0,-3.0,-2.0,-4.9428e-09,3.0428000000000006e-10
0.0,0.0,-2.8999999999999995,-2.0,-4.8734e-09,3.5002000000000005e-10
0.0,0.0,-2.8,-2.0,-4.8758e-09,3.1780000000000003e-10
0.0,0.0,-2.7,-2.0,-4.8136e-09,3.0522000000000006e-10
0.0,0.0,-2.5999999999999996,-2.0,-4.7990000000000005e-09,2.9942e-10
0.0,0.0,-2.5,-2.0,-4.7056e-09,2.944e-10
0.0,0.0,-2.3999999999999995,-2.0,-4.7084e-09,2.9658e-10
0.0,0.0,-2.3,-2.0,-4.5856e-09,2.7222e-10
0.0,0.0,-2.1999999999999993,-2.0,-4.5858000000000004e-09,2.7390000000000006e-10
0.0,0.0,-2.0999999999999996,-2.0,-4.387400000000001e-09,2.7628e-10
0.0,0.0,-2.0,-2.0,-4.35e-09,2.6358000000000003e-10
0.0,0.0,-1.8999999999999995,-2.0,-4.2018e-09,2.4916e-10
0.0,0.0,-1.7999999999999998,-2.0,-4.1748e-09,2.2812e-10
0.0,0.0,-1.6999999999999993,-2.0,-4.103800000000001e-09,1.9428000000000003e-10
0.0,0.0,-1.5999999999999996,-2.0,-4.062e-09,2.007e-10
0.0,0.0,-1.5,-2.0,-4.006e-09,1.8974e-10
0.0,0.0,-1.3999999999999995,-2.0,-3.97e-09,1.6624e-10
0.0,0.0,-1.2999999999999998,-2.0,-3.9046e-09,1.8294000000000002e-10
0.0,0.0,-1.1999999999999993,-2.0,-3.8646e-09,1.7224000000000002e-10
0.0,0.0,-1.0999999999999996,-2.0,-3.8298e-09,1.5890000000000001e-10
0.0,0.0,-1.0,-2.0,-3.7736e-09,1.4234e-10
0.0,0.0,-0.8999999999999995,-2.0,-3.7476000000000006e-09,1.4224000000000002e-10
0.0,0.0,-0.7999999999999998,-2.0,-3.661e-09,1.39e-10
0.0,0.0,-0.6999999999999993,-2.0,-3.6866e-09,1.054e-10
0.0,0.0,-0.5999999999999996,-2.0,-3.5674e-09,1.1608000000000001e-10
0.0,0.0,-0.5,-2.0,-3.576e-09,1.0584e-10
0.0,0.0,-0.39999999999999947,-2.0,-3.4482e-09,9.396e-11
0.0,0.0,-0.2999999999999998,-2.0,-3.4442e-09,8.392e-11
0.0,0.0,-0.1999999999999993,-2.0,-3.3256e-09,5.6680000000000005e-11
0.0,0.0,-0.09999999999999964,-2.0,-3.2176e-09,3.0140000000000005e-11
0.0,0.0,0.0,-2.0,-6.343600000000001e-10,-5.9222e-10
0.0,0.0,-7.0,-3.0,-8.942e-06,8.897e-06
0.0,0.0,-6.9,-3.0,-8.859e-06,8.845000000000001e-06
0.0,0.0,-6.8,-3.0,-8.792000000000002e-06,8.781000000000001e-06
0.0,0.0,-6.7,-3.0,-8.747e-06,8.743e-06
0.0,0.0,-6.6,-3.0,-8.689e-06,8.688e-06
0.0,0.0,-6.5,-3.0,-8.607e-06,8.619000000000002e-06
0.0,0.0,-6.4,-3.0,-8.565000000000002e-06,8.557e-06
0.0,0.0,-6.3,-3.0,-8.525e-06,8.514000000000002e-06
0.0,0.0,-6.2,-3.0,-8.448000000000001e-06,8.445e-06
0.0,0.0,-6.1,-3.0,-8.376e-06,8.360000000000001e-06
0.0,0.0,-6.0,-3.0,-8.34e-06,8.328e-06
0.0,0.0,-5.9,-3.0,-8.275e-06,8.273000000000002e-06
0.0,0.0,-5.8,-3.0,-8.205e-06,8.211e-06
0.0,0.0,-5.7,-3.0,-8.172e-06,8.155e-06
0.0,0.0,-5.6,-3.0,-8.113000000000002e-06,8.112e-06
0.0,0.0,-5.5,-3.0,-8.046e-06,8.041e-06
0.0,0.0,-5.4,-3.0,-7.986000000000001e-06,7.969000000000001e-06
0.0,0.0,-5.3,-3.0,-7.954e-06,7.933e-06
0.0,0.0,-5.2,-3.0,-7.879e-06,7.872e-06
0.0,0.0,-5.1,-3.0,-7.81e-06,7.793000000000001e-06
0.0,0.0,-5.0,-3.0,-7.765000000000001e-06,7.762000000000001e-06
0.0,0.0,-4.9,-3.0,-7.711e-06,7.725e-06
0.0,0.0,-4.8,-3.0,-7.655e-06,7.648e-06
0.0,0.0,-4.699999999999999,-3.0,-7.602e-06,7.585000000000001e-06
0.0,0.0,-4.6,-3.0,-7.557000000000001e-06,7.539000000000001e-06
0.0,0.0,-4.5,-3.0,-7.487000000000001e-06,7.486000000000001e-06
0.0,0.0,-4.4,-3.0,-7.4140000000000005e-06,7.406000000000001e-06
0.0,0.0,-4.3,-3.0,-7.364000000000001e-06,7.365000000000001e-06
0.0,0.0,-4.199999999999999,-3.0,-7.305e-06,7.317e-06
0.0,0.0,-4.1,-3.0,-7.241000000000001e-06,7.2560000000000005e-06
0.0,0.0,-4.0,-3.0,-7.206e-06,7.1880000000000005e-06
0.0,0.0,-3.9,-3.0,-7.1540000000000005e-06,7.158000000000001e-06
0.0,0.0,-3.8,-3.0,-7.089e-06,7.085000000000001e-06
0.0,0.0,-3.6999999999999997,-3.0,-7.0300000000000005e-06,7.015000000000001e-06
0.0,0.0,-3.5999999999999996,-3.0,-6.994e-06,6.973000000000001e-06
0.0,0.0,-3.5,-3.0,-6.914e-06,6.912000000000001e-06
0.0,0.0,-3.4,-3.0,-6.854000000000001e-06,6.836e-06
0.0,0.0,-3.3,-3.0,-6.805000000000001e-06,6.796000000000001e-06
0.0,0.0,-3.1999999999999997,-3.0,-6.7480000000000004e-06,6.753e-06
0.0,0.0,-3.0999999999999996,-3.0,-6.684e-06,6.6870000000000005e-06
0.0,0.0,-3.0,-3.0,-6.626000000000001e-06,6.62e-06
0.0,0.0,-2.8999999999999995,-3.0,-6.5970000000000005e-06,6.5730000000000004e-06
0.0,0.0,-2.8,-3.0,-6.516000000000001e-06,6.5070000000000005e-06
0.0,0.0,-2.7,-3.0,-6.4440000000000005e-06,6.447000000000001e-06
0.0,0.0,-2.5999999999999996,-3.0,-6.4000000000000006e-06,6.395000000000001e-06
0.0,0.0,-2.5,-3.0,-6.333e-06,6.335000000000001e-06
0.0,0.0,-2.3999999999999995,-3.0,-6.265e-06,6.27e-06
0.0,0.0,-2.3,-3.0,-6.215000000000001e-06,6.202000000000001e-06
0.0,0.0,-2.1999999999999993,-3.0,-6.159000000000001e-06,6.16e-06
0.0,0.0,-2.0999999999999996,-3.0,-6.0940000000000004e-06,6.087e-06
0.0,0.0,-2.0,-3.0,-6.03e-06,6.012e-06
0.0,0.0,-1.8999999999999995,-3.0,-5.976000000000001e-06,5.954000000000001e-06
0.0,0.0,-1.7999999999999998,-3.0,-5.896000000000001e-06,5.883000000000001e-06
0.0,0.0,-1.6999999999999993,-3.0,-5.816000000000001e-06,5.808000000000001e-06
0.0,0.0,-1.5999999999999996,-3.0,-5.757000000000001e-06,5.7560000000000005e-06
0.0,0.0,-1.5,-3.0,-5.698e-06,5.699000000000001e-06
0.0,0.0,-1.3999999999999995,-3.0,-5.619000000000001e-06,5.613e-06
0.0,0.0,-1.2999999999999998,-3.0,-5.548e-06,5.534000000000001e-06
0.0,0.0,-1.1999999999999993,-3.0,-5.476000000000001e-06,5.467e-06
0.0,0.0,-1.0999999999999996,-3.0,-5.395000000000001e-06,5.387e-06
0.0,0.0,-1.0,-3.0,-5.3010000000000006e-06,5.293e-06
0.0,0.0,-0.8999999999999995,-3.0,-5.225000000000001e-06,5.217e-06
0.0,0.0,-0.7999999999999998,-3.0,-5.1260000000000006e-06,5.130000000000001e-06
0.0,0.0,-0.6999999999999993,-3.0,-5.023000000000001e-06,5.031000000000001e-06
0.0,0.0,-0.5999999999999996,-3.0,-4.935e-06,4.925000000000001e-06
0.0,0.0,-0.5,-3.0,-4.813e-06,4.812000000000001e-06
0.0,0.0,-0.39999999999999947,-3.0,-4.656000000000001e-06,4.653e-06
0.0,0.0,-0.2999999999999998,-3.0,-4.452e-06,4.446e-06
0.0,0.0,-0.1999999999999993,-3.0,-4.0710000000000005e-06,4.06e-06
0.0,0.0,-0.09999999999999964,-3.0,-2.9640000000000003e-06,2.9580000000000003e-06
0.0,0.0,0.0,-3.0,-1.0806e-09,2.838e-10
0.0,0.0,-7.0,-4.0,-8.572e-05,8.572e-05
0.0,0.0,-6.9,-4.0,-8.546000000000001e-05,8.545e-05
0.0,0.0,-6.8,-4.0,-8.503e-05,8.496000000000001e-05
0.0,0.0,-6.7,-4.0,-8.467e-05,8.469e-05
0.0,0.0,-6.6,-4.0,-8.428e-05,8.414e-05
0.0,0.0,-6.5,-4.0,-8.394e-05,8.395000000000001e-05
0.0,0.0,-6.4,-4.0,-8.35e-05,8.347e-05
0.0,0.0,-6.3,-4.0,-8.304e-05,8.308e-05
0.0,0.0,-6.2,-4.0,-8.275e-05,8.275e-05
0.0,0.0,-6.1,-4.0,-8.238000000000001e-05,8.239e-05
0.0,0.0,-6.0,-4.0,-8.198e-05,8.195e-05
0.0,0.0,-5.9,-4.0,-8.16e-05,8.158e-05
0.0,0.0,-5.8,-4.0,-8.120000000000001e-05,8.115000000000001e-05
0.0,0.0,-5.7,-4.0,-8.081000000000001e-05,8.083e-05
0.0,0.0,-5.6,-4.0,-8.038000000000001e-05,8.038000000000001e-05
0.0,0.0,-5.5,-4.0,-8.006e-05,8.007000000000001e-05
0.0,0.0,-5.4,-4.0,-7.965000000000001e-05,7.964e-05
0.0,0.0,-5.3,-4.0,-7.928e-05,7.926000000000001e-05
0.0,0.0,-5.2,-4.0,-7.885e-05,7.878e-05
0.0,0.0,-5.1,-4.0,-7.846e-05,7.849e-05
0.0,0.0,-5.0,-4.0,-7.808e-05,7.809e-05
0.0,0.0,-4.9,-4.0,-7.756e-05,7.762e-05
0.0,0.0,-4.8,-4.0,-7.729e-05,7.726e-05
0.0,0.0,-4.699999999999999,-4.0,-7.693000000000001e-05,7.689e-05
0.0,0.0,-4.6,-4.0,-7.646000000000001e-05,7.647e-05
0.0,0.0,-4.5,-4.0,-7.598e-05,7.599000000000001e-05
0.0,0.0,-4.4,-4.0,-7.567e-05,7.563e-05
0.0,0.0,-4.3,-4.0,-7.519e-05,7.523000000000001e-05
0.0,0.0,-4.199999999999999,-4.0,-7.483e-05,7.481e-05
0.0,0.0,-4.1,-4.0,-7.44e-05,7.436e-05
0.0,0.0,-4.0,-4.0,-7.401e-05,7.397e-05
0.0,0.0,-3.9,-4.0,-7.355e-05,7.353e-05
0.0,0.0,-3.8,-4.0,-7.313000000000001e-05,7.307e-05
0.0,0.0,-3.6999999999999997,-4.0,-7.267000000000001e-05,7.268e-05
0.0,0.0,-3.5999999999999996,-4.0,-7.225e-05,7.228e-05
0.0,0.0,-3.5,-4.0,-7.179e-05,7.178000000000001e-05
0.0,0.0,-3.4,-4.0,-7.133e-05,7.132e-05
0.0,0.0,-3.3,-4.0,-7.093e-05,7.089e-05
0.0,0.0,-3.1999999999999997,-4.0,-7.044e-05,7.043e-05
0.0,0.0,-3.0999999999999996,-4.0,-6.993e-05,6.991e-05
0.0,0.0,-3.0,-4.0,-6.951e-05,6.949000000000001e-05
0.0,0.0,-2.8999999999999995,-4.0,-6.902000000000001e-05,6.901e-05
0.0,0.0,-2.8,-4.0,-6.851e-05,6.852000000000001e-05
0.0,0.0,-2.7,-4.0,-6.802000000000002e-05,6.798000000000001e-05
0.0,0.0,-2.5999999999999996,-4.0,-6.75e-05,6.751000000000001e-05
0.0,0.0,-2.5,-4.0,-6.7e-05,6.699000000000001e-05
0.0,0.0,-2.3999999999999995,-4.0,-6.642e-05,6.644e-05
0.0,0.0,-2.3,-4.0,-6.594e-05,6.592e-05
0.0,0.0,-2.1999999999999993,-4.0,-6.542000000000001e-05,6.543e-05
0.0,0.0,-2.0999999999999996,-4.0,-6.482e-05,6.481e-05
0.0,0.0,-2.0,-4.0,-6.421000000000001e-05,6.42e-05
0.0,0.0,-1.8999999999999995,-4.0,-6.364000000000001e-05,6.361000000000001e-05
0.0,0.0,-1.7999999999999998,-4.0,-6.302e-05,6.304e-05
0.0,0.0,-1.6999999999999993,-4.0,-6.232e-05,6.236e-05
0.0,0.0,-1.5999999999999996,-4.0,-6.167e-05,6.165000000000001e-05
0.0,0.0,-1.5,-4.0,-6.098e-05,6.0950000000000004e-05
0.0,0.0,-1.3999999999999995,-4.0,-6.0190000000000005e-05,6.0179999999999996e-05
0.0,0.0,-1.2999999999999998,-4.0,-5.936e-05,5.9340000000000004e-05
0.0,0.0,-1.1999999999999993,-4.0,-5.851000000000001e-05,5.85e-05
0.0,0.0,-1.0999999999999996,-4.0,-5.754000000000001e-05,5.7560000000000005e-05
0.0,0.0,-1.0,-4.0,-5.642e-05,5.642e-05
0.0,0.0,-0.8999999999999995,-4.0,-5.513e-05,5.514e-05
0.0,0.0,-0.7999999999999998,-4.0,-5.365e-05,5.359e-05
0.0,0.0,-0.6999999999999993,-4.0,-5.165000000000001e-05,5.165000000000001e-05
0.0,0.0,-0.5999999999999996,-4.0,-4.896e-05,4.894e-05
0.0,0.0,-0.5,-4.0,-4.529e-05,4.528e-05
0.0,0.0,-0.39999999999999947,-4.0,-4.025e-05,4.024e-05
0.0,0.0,-0.2999999999999998,-4.0,-3.342e-05,3.341000000000001e-05
0.0,0.0,-0.1999999999999993,-4.0,-2.4560000000000002e-05,2.4560000000000002e-05
0.0,0.0,-0.09999999999999964,-4.0,-1.356e-05,1.356e-05
0.0,0.0,0.0,-4.0,-1.8622e-09,1.1372000000000002e-09
0.0,0.0,-7.0,-5.0,-0.0002223,0.0002221
0.0,0.0,-6.9,-5.0,-0.0002213,0.0002213
0.0,0.0,-6.8,-5.0,-0.0002206,0.00022040000000000002
0.0,0.0,-6.7,-5.0,-0.0002198,0.00021970000000000003
0.0,0.0,-6.6,-5.0,-0.000219,0.0002189
0.0,0.0,-6.5,-5.0,-0.00021820000000000002,0.0002181
0.0,0.0,-6.4,-5.0,-0.00021730000000000002,0.00021730000000000002
0.0,0.0,-6.3,-5.0,-0.0002166,0.0002164
0.0,0.0,-6.2,-5.0,-0.00021559999999999998,0.00021559999999999998
0.0,0.0,-6.1,-5.0,-0.00021470000000000001,0.00021459999999999998
0.0,0.0,-6.0,-5.0,-0.0002139,0.00021380000000000002
0.0,0.0,-5.9,-5.0,-0.000213,0.000213
0.0,0.0,-5.8,-5.0,-0.0002122,0.0002121
0.0,0.0,-5.7,-5.0,-0.0002113,0.0002112
0.0,0.0,-5.6,-5.0,-0.00021040000000000002,0.00021030000000000002
0.0,0.0,-5.5,-5.0,-0.0002095,0.0002095
0.0,0.0,-5.4,-5.0,-0.0002086,0.0002085
0.0,0.0,-5.3,-5.0,-0.0002077,0.0002076
0.0,0.0,-5.2,-5.0,-0.00020690000000000001,0.0002067
0.0,0.0,-5.1,-5.0,-0.00020580000000000002,0.00020580000000000002
0.0,0.0,-5.0,-5.0,-0.0002049,0.000205
0.0,0.0,-4.9,-5.0,-0.0002041,0.000204
0.0,0.0,-4.8,-5.0,-0.0002033,0.0002032
0.0,0.0,-4.699999999999999,-5.0,-0.0002023,0.0002021
0.0,0.0,-4.6,-5.0,-0.00020130000000000001,0.00020109999999999998
0.0,0.0,-4.5,-5.0,-0.0002004,0.0002004
0.0,0.0,-4.4,-5.0,-0.0001995,0.00019930000000000002
0.0,0.0,-4.3,-5.0,-0.0001985,0.0001984
0.0,0.0,-4.199999999999999,-5.0,-0.0001976,0.0001974
0.0,0.0,-4.1,-5.0,-0.0001965,0.0001964
0.0,0.0,-4.0,-5.0,-0.0001954,0.0001954
0.0,0.0,-3.9,-5.0,-0.0001943,0.0001942
0.0,0.0,-3.8,-5.0,-0.0001933,0.0001932
0.0,0.0,-3.6999999999999997,-5.0,-0.00019240000000000001,0.0001922
0.0,0.0,-3.5999999999999996,-5.0,-0.00019130000000000001,0.00019109999999999998
0.0,0.0,-3.5,-5.0,-0.00019020000000000002,0.00019009999999999999
0.0,0.0,-3.4,-5.0,-0.00018920000000000002,0.0001889
0.0,0.0,-3.3,-5.0,-0.0001881,0.00018790000000000001
0.0,0.0,-3.1999999999999997,-5.0,-0.00018680000000000001,0.0001867
0.0,0.0,-3.0999999999999996,-5.0,-0.00018570000000000001,0.0001855
0.0,0.0,-3.0,-5.0,-0.0001845,0.0001844
0.0,0.0,-2.8999999999999995,-5.0,-0.0001832,0.0001832
0.0,0.0,-2.8,-5.0,-0.000182,0.0001818
0.0,0.0,-2.7,-5.0,-0.0001806,0.0001805
0.0,0.0,-2.5999999999999996,-5.0,-0.0001794,0.00017920000000000002
0.0,0.0,-2.5,-5.0,-0.0001778,0.0001778
0.0,0.0,-2.3999999999999995,-5.0,-0.0001765,0.00017620000000000003
0.0,0.0,-2.3,-5.0,-0.000175,0.0001749
0.0,0.0,-2.1999999999999993,-5.0,-0.0001735,0.0001735
0.0,0.0,-2.0999999999999996,-5.0,-0.0001718,0.00017170000000000003
0.0,0.0,-2.0,-5.0,-0.0001701,0.00017
0.0,0.0,-1.8999999999999995,-5.0,-0.0001683,0.0001683
0.0,0.0,-1.7999999999999998,-5.0,-0.0001664,0.0001664
0.0,0.0,-1.6999999999999993,-5.0,-0.0001644,0.0001642
0.0,0.0,-1.5999999999999996,-5.0,-0.000162,0.0001618
0.0,0.0,-1.5,-5.0,-0.0001595,0.00015930000000000002
0.0,0.0,-1.3999999999999995,-5.0,-0.0001565,0.0001564
0.0,0.0,-1.2999999999999998,-5.0,-0.000153,0.000153
0.0,0.0,-1.1999999999999993,-5.0,-0.00014920000000000002,0.0001491
0.0,0.0,-1.0999999999999996,-5.0,-0.0001446,0.0001443
0.0,0.0,-1.0,-5.0,-0.00013890000000000002,0.0001388
0.0,0.0,-0.8999999999999995,-5.0,-0.0001325,0.0001322
0.0,0.0,-0.7999999999999998,-5.0,-0.00012440000000000002,0.00012440000000000002
0.0,0.0,-0.6999999999999993,-5.0,-0.0001151,0.0001149
0.0,0.0,-0.5999999999999996,-5.0,-0.00010410000000000001,0.000104
0.0,0.0,-0.5,-5.0,-9.141000000000001e-05,9.14e-05
0.0,0.0,-0.39999999999999947,-5.0,-7.708e-05,7.707e-05
0.0,0.0,-0.2999999999999998,-5.0,-6.082e-05,6.080000000000001e-05
0.0,0.0,-0.1999999999999993,-5.0,-4.258e-05,4.2590000000000004e-05
0.0,0.0,-0.09999999999999964,-5.0,-2.2470000000000003e-05,2.248e-05
0.0,0.0,0.0,-5.0,-1.1379e-08,1.0319e-08
0.0,0.0,-7.0,-6.0,-0.0003974,0.0003973
0.0,0.0,-6.9,-6.0,-0.0003962,0.00039610000000000003
0.0,0.0,-6.8,-6.0,-0.0003948,0.0003946
0.0,0.0,-6.7,-6.0,-0.0003934,0.0003933
0.0,0.0,-6.6,-6.0,-0.00039210000000000004,0.000392
0.0,0.0,-6.5,-6.0,-0.0003908,0.0003907
0.0,0.0,-6.4,-6.0,-0.00038940000000000003,0.00038930000000000003
0.0,0.0,-6.3,-6.0,-0.00038790000000000005,0.00038790000000000005
0.0,0.0,-6.2,-6.0,-0.0003866,0.0003864
0.0,0.0,-6.1,-6.0,-0.0003852,0.00038510000000000004
0.0,0.0,-6.0,-6.0,-0.0003839,0.0003836
0.0,0.0,-5.9,-6.0,-0.0003824,0.0003821
0.0,0.0,-5.8,-6.0,-0.00038090000000000004,0.0003808
0.0,0.0,-5.7,-6.0,-0.0003795,0.0003793
0.0,0.0,-5.6,-6.0,-0.000378,0.0003778
0.0,0.0,-5.5,-6.0,-0.00037660000000000005,0.0003765
0.0,0.0,-5.4,-6.0,-0.0003753,0.000375
0.0,0.0,-5.3,-6.0,-0.00037360000000000003,0.0003734
0.0,0.0,-5.2,-6.0,-0.00037210000000000005,0.000372
0.0,0.0,-5.1,-6.0,-0.0003706,0.00037040000000000006
0.0,0.0,-5.0,-6.0,-0.000369,0.000369
0.0,0.0,-4.9,-6.0,-0.0003675,0.00036740000000000004
0.0,0.0,-4.8,-6.0,-0.00036590000000000006,0.0003658
0.0,0.0,-4.699999999999999,-6.0,-0.0003644,0.0003643
0.0,0.0,-4.6,-6.0,-0.0003627,0.0003627
0.0,0.0,-4.5,-6.0,-0.000361,0.00036090000000000004
0.0,0.0,-4.4,-6.0,-0.0003593,0.0003593
0.0,0.0,-4.3,-6.0,-0.00035769999999999997,0.0003576
0.0,0.0,-4.199999999999999,-6.0,-0.000356,0.00035580000000000003
0.0,0.0,-4.1,-6.0,-0.0003542,0.00035410000000000004
0.0,0.0,-4.0,-6.0,-0.0003525,0.0003522
0.0,0.0,-3.9,-6.0,-0.0003506,0.0003505
0.0,0.0,-3.8,-6.0,-0.0003486,0.00034869999999999996
0.0,0.0,-3.6999999999999997,-6.0,-0.00034690000000000003,0.00034669999999999997
0.0,0.0,-3.5999999999999996,-6.0,-0.000345,0.0003447
0.0,0.0,-3.5,-6.0,-0.000343,0.00034290000000000004
0.0,0.0,-3.4,-6.0,-0.00034090000000000005,0.0003408
0.0,0.0,-3.3,-6.0,-0.00033890000000000005,0.00033860000000000004
0.0,0.0,-3.1999999999999997,-6.0,-0.0003367,0.0003365
0.0,0.0,-3.0999999999999996,-6.0,-0.0003343,0.0003343
0.0,0.0,-3.0,-6.0,-0.0003322,0.000332
0.0,0.0,-2.8999999999999995,-6.0,-0.0003298,0.0003297
0.0,0.0,-2.8,-6.0,-0.00032740000000000004,0.00032710000000000004
0.0,0.0,-2.7,-6.0,-0.0003247,0.0003245
0.0,0.0,-2.5999999999999996,-6.0,-0.0003218,0.0003217
0.0,0.0,-2.5,-6.0,-0.0003191,0.00031890000000000005
0.0,0.0,-2.3999999999999995,-6.0,-0.000316,0.000316
0.0,0.0,-2.3,-6.0,-0.0003127,0.0003126
0.0,0.0,-2.1999999999999993,-6.0,-0.0003092,0.00030910000000000003
0.0,0.0,-2.0999999999999996,-6.0,-0.0003053,0.0003053
0.0,0.0,-2.0,-6.0,-0.0003013,0.0003011
0.0,0.0,-1.8999999999999995,-6.0,-0.0002965,0.00029640000000000005
0.0,0.0,-1.7999999999999998,-6.0,-0.00029140000000000004,0.00029140000000000004
0.0,0.0,-1.6999999999999993,-6.0,-0.0002857,0.0002855
0.0,0.0,-1.5999999999999996,-6.0,-0.0002793,0.0002791
0.0,0.0,-1.5,-6.0,-0.0002719,0.0002718
0.0,0.0,-1.3999999999999995,-6.0,-0.0002637,0.0002636
0.0,0.0,-1.2999999999999998,-6.0,-0.0002544,0.0002543
0.0,0.0,-1.1999999999999993,-6.0,-0.0002439,0.00024370000000000001
0.0,0.0,-1.0999999999999996,-6.0,-0.0002321,0.00023180000000000002
0.0,0.0,-1.0,-6.0,-0.0002188,0.0002188
0.0,0.0,-0.8999999999999995,-6.0,-0.00020420000000000003,0.0002041
0.0,0.0,-0.7999999999999998,-6.0,-0.0001881,0.0001881
0.0,0.0,-0.6999999999999993,-6.0,-0.0001705,0.0001704
0.0,0.0,-0.5999999999999996,-6.0,-0.00015120000000000002,0.0001511
0.0,0.0,-0.5,-6.0,-0.00013030000000000002,0.00013030000000000002
0.0,0.0,-0.39999999999999947,-6.0,-0.00010779999999999999,0.0001077
0.0,0.0,-0.2999999999999998,-6.0,-8.362e-05,8.361e-05
0.0,0.0,-0.1999999999999993,-6.0,-5.758000000000001e-05,5.757e-05
0.0,0.0,-0.09999999999999964,-6.0,-2.9900000000000002e-05,2.989e-05
0.0,0.0,0.0,-6.0,-1.229e-08,1.591e-08
0.0,0.0,-7.0,-7.0,-0.0005978000000000001,0.0005978000000000001
0.0,0.0,-6.9,-7.0,-0.000596,0.0005957
0.0,0.0,-6.8,-7.0,-0.0005939,0.0005938000000000001
0.0,0.0,-6.7,-7.0,-0.000592,0.0005917
0.0,0.0,-6.6,-7.0,-0.0005901,0.00059
0.0,0.0,-6.5,-7.0,-0.000588,0.0005878999999999999
0.0,0.0,-6.4,-7.0,-0.0005862,0.000586
0.0,0.0,-6.3,-7.0,-0.0005843,0.0005838999999999999
0.0,0.0,-6.2,-7.0,-0.0005822000000000001,0.0005821
0.0,0.0,-6.1,-7.0,-0.0005801000000000001,0.00058
0.0,0.0,-6.0,-7.0,-0.000578,0.000578
0.0,0.0,-5.9,-7.0,-0.000576,0.0005758000000000001
0.0,0.0,-5.8,-7.0,-0.0005741,0.0005737
0.0,0.0,-5.7,-7.0,-0.0005717000000000001,0.0005716
0.0,0.0,-5.6,-7.0,-0.0005697,0.0005695
0.0,0.0,-5.5,-7.0,-0.0005676,0.0005673000000000001
0.0,0.0,-5.4,-7.0,-0.0005654,0.0005654
0.0,0.0,-5.3,-7.0,-0.0005632,0.0005631
0.0,0.0,-5.2,-7.0,-0.0005609,0.0005607
0.0,0.0,-5.1,-7.0,-0.0005587000000000001,0.0005585
0.0,0.0,-5.0,-7.0,-0.0005561,0.0005562000000000001
0.0,0.0,-4.9,-7.0,-0.0005541,0.0005539
0.0,0.0,-4.8,-7.0,-0.0005518000000000001,0.0005515
0.0,0.0,-4.699999999999999,-7.0,-0.0005492,0.000549
0.0,0.0,-4.6,-7.0,-0.0005466000000000001,0.0005465
0.0,0.0,-4.5,-7.0,-0.0005442,0.0005441
0.0,0.0,-4.4,-7.0,-0.0005416,0.0005415
0.0,0.0,-4.3,-7.0,-0.0005388999999999999,0.000539
0.0,0.0,-4.199999999999999,-7.0,-0.0005364,0.0005361000000000001
0.0,0.0,-4.1,-7.0,-0.0005336000000000001,0.0005335
0.0,0.0,-4.0,-7.0,-0.0005307,0.0005306
0.0,0.0,-3.9,-7.0,-0.000528,0.0005277000000000001
0.0,0.0,-3.8,-7.0,-0.000525,0.0005248
0.0,0.0,-3.6999999999999997,-7.0,-0.000522,0.0005216
0.0,0.0,-3.5999999999999996,-7.0,-0.0005189,0.0005186
0.0,0.0,-3.5,-7.0,-0.0005155,0.0005153
0.0,0.0,-3.4,-7.0,-0.000512,0.0005118
0.0,0.0,-3.3,-7.0,-0.0005083,0.0005083
0.0,0.0,-3.1999999999999997,-7.0,-0.0005046,0.0005045
0.0,0.0,-3.0999999999999996,-7.0,-0.0005009000000000001,0.0005005
0.0,0.0,-3.0,-7.0,-0.0004968,0.0004965
0.0,0.0,-2.8999999999999995,-7.0,-0.0004923,0.0004922
0.0,0.0,-2.8,-7.0,-0.0004877,0.00048760000000000003
0.0,0.0,-2.7,-7.0,-0.00048290000000000003,0.0004826
0.0,0.0,-2.5999999999999996,-7.0,-0.0004777,0.00047740000000000006
0.0,0.0,-2.5,-7.0,-0.00047190000000000003,0.0004717
0.0,0.0,-2.3999999999999995,-7.0,-0.00046560000000000004,0.0004655
0.0,0.0,-2.3,-7.0,-0.000459,0.0004588
0.0,0.0,-2.1999999999999993,-7.0,-0.00045180000000000003,0.0004516
0.0,0.0,-2.0999999999999996,-7.0,-0.0004438,0.0004437
0.0,0.0,-2.0,-7.0,-0.00043490000000000005,0.0004347
0.0,0.0,-1.8999999999999995,-7.0,-0.0004255,0.0004252
0.0,0.0,-1.7999999999999998,-7.0,-0.00041490000000000006,0.0004147
0.0,0.0,-1.6999999999999993,-7.0,-0.0004033,0.00040310000000000004
0.0,0.0,-1.5999999999999996,-7.0,-0.00039040000000000006,0.0003902
0.0,0.0,-1.5,-7.0,-0.0003767,0.0003765
0.0,0.0,-1.3999999999999995,-7.0,-0.0003613,0.0003613
0.0,0.0,-1.2999999999999998,-7.0,-0.000345,0.00034490000000000004
0.0,0.0,-1.1999999999999993,-7.0,-0.00032740000000000004,0.0003272
0.0,0.0,-1.0999999999999996,-7.0,-0.0003084,0.0003082
0.0,0.0,-1.0,-7.0,-0.0002876,0.0002876
0.0,0.0,-0.8999999999999995,-7.0,-0.0002657,0.0002656
0.0,0.0,-0.7999999999999998,-7.0,-0.0002424,0.0002422
0.0,0.0,-0.6999999999999993,-7.0,-0.0002175,0.0002175
0.0,0.0,-0.5999999999999996,-7.0,-0.00019109999999999998,0.00019109999999999998
0.0,0.0,-0.5,-7.0,-0.0001632,0.0001632
0.0,0.0,-0.39999999999999947,-7.0,-0.000134,0.0001338
0.0,0.0,-0.2999999999999998,-7.0,-0.000103,0.00010279999999999999
0.0,0.0,-0.1999999999999993,-7.0,-7.026000000000001e-05,7.027000000000002e-05
0.0,0.0,-0.09999999999999964,-7.0,-3.6200000000000006e-05,3.618e-05
0.0,0.0,0.0,-7.0,-1.5886e-08,1.5494e-08
0.0,0.0,-7.0,-8.0,-0.0008153,0.0008154
0.0,0.0,-6.9,-8.0,-0.0008127000000000001,0.0008126
0.0,0.0,-6.8,-8.0,-0.0008102000000000001,0.0008102000000000001
0.0,0.0,-6.7,-8.0,-0.0008076,0.0008074
0.0,0.0,-6.6,-8.0,-0.0008052000000000001,0.0008048
0.0,0.0,-6.5,-8.0,-0.0008025,0.0008024
0.0,0.0,-6.4,-8.0,-0.0007999,0.0007996
0.0,0.0,-6.3,-8.0,-0.0007972000000000001,0.000797
0.0,0.0,-6.2,-8.0,-0.0007946,0.0007943000000000001
0.0,0.0,-6.1,-8.0,-0.0007919,0.0007918000000000001
0.0,0.0,-6.0,-8.0,-0.0007891,0.000789
0.0,0.0,-5.9,-8.0,-0.0007863000000000001,0.0007862
0.0,0.0,-5.8,-8.0,-0.0007835,0.0007833000000000001
0.0,0.0,-5.7,-8.0,-0.0007805,0.0007806
0.0,0.0,-5.6,-8.0,-0.0007777000000000001,0.0007775
0.0,0.0,-5.5,-8.0,-0.0007748000000000001,0.0007745
0.0,0.0,-5.4,-8.0,-0.0007717000000000001,0.0007715
0.0,0.0,-5.3,-8.0,-0.0007686,0.0007685
0.0,0.0,-5.2,-8.0,-0.0007655,0.0007653000000000001
0.0,0.0,-5.1,-8.0,-0.0007623,0.0007621
0.0,0.0,-5.0,-8.0,-0.0007592,0.0007589
0.0,0.0,-4.9,-8.0,-0.0007557,0.0007556
0.0,0.0,-4.8,-8.0,-0.0007522000000000001,0.000752
0.0,0.0,-4.699999999999999,-8.0,-0.0007488999999999999,0.0007488000000000001
0.0,0.0,-4.6,-8.0,-0.0007452,0.0007451000000000001
0.0,0.0,-4.5,-8.0,-0.0007416,0.0007414
0.0,0.0,-4.4,-8.0,-0.0007379,0.0007375
0.0,0.0,-4.3,-8.0,-0.0007341,0.0007338000000000001
0.0,0.0,-4.199999999999999,-8.0,-0.0007298000000000001,0.0007298000000000001
0.0,0.0,-4.1,-8.0,-0.0007257,0.0007256000000000001
0.0,0.0,-4.0,-8.0,-0.0007214,0.0007213
0.0,0.0,-3.9,-8.0,-0.0007171,0.000717
0.0,0.0,-3.8,-8.0,-0.0007124,0.0007124
0.0,0.0,-3.6999999999999997,-8.0,-0.0007076000000000001,0.0007076000000000001
0.0,0.0,-3.5999999999999996,-8.0,-0.0007025,0.0007026000000000001
0.0,0.0,-3.5,-8.0,-0.0006973000000000001,0.0006973000000000001
0.0,0.0,-3.4,-8.0,-0.0006917000000000001,0.0006916
0.0,0.0,-3.3,-8.0,-0.0006858000000000001,0.0006857
0.0,0.0,-3.1999999999999997,-8.0,-0.0006797000000000001,0.0006793999999999999
0.0,0.0,-3.0999999999999996,-8.0,-0.000673,0.0006728999999999999
0.0,0.0,-3.0,-8.0,-0.0006658,0.0006658
0.0,0.0,-2.8999999999999995,-8.0,-0.0006583000000000001,0.0006582000000000001
0.0,0.0,-2.8,-8.0,-0.0006503,0.0006502000000000001
0.0,0.0,-2.7,-8.0,-0.0006417,0.0006416
0.0,0.0,-2.5999999999999996,-8.0,-0.0006323,0.0006322000000000001
0.0,0.0,-2.5,-8.0,-0.0006225,0.0006221
0.0,0.0,-2.3999999999999995,-8.0,-0.0006115,0.0006113000000000001
0.0,0.0,-2.3,-8.0,-0.0005999,0.0005997
0.0,0.0,-2.1999999999999993,-8.0,-0.0005873,0.0005872000000000001
0.0,0.0,-2.0999999999999996,-8.0,-0.0005737,0.0005735
0.0,0.0,-2.0,-8.0,-0.0005592,0.0005591
0.0,0.0,-1.8999999999999995,-8.0,-0.0005436,0.0005434
0.0,0.0,-1.7999999999999998,-8.0,-0.0005267000000000001,0.0005262999999999999
0.0,0.0,-1.6999999999999993,-8.0,-0.0005088,0.0005086
0.0,0.0,-1.5999999999999996,-8.0,-0.0004895,0.0004893
0.0,0.0,-1.5,-8.0,-0.00046919999999999997,0.0004691
0.0,0.0,-1.3999999999999995,-8.0,-0.0004475,0.00044730000000000003
0.0,0.0,-1.2999999999999998,-8.0,-0.0004245,0.0004244
0.0,0.0,-1.1999999999999993,-8.0,-0.00040040000000000003,0.00040019999999999997
0.0,0.0,-1.0999999999999996,-8.0,-0.0003746,0.00037440000000000005
0.0,0.0,-1.0,-8.0,-0.00034760000000000005,0.0003473
0.0,0.0,-0.8999999999999995,-8.0,-0.0003192,0.00031890000000000005
0.0,0.0,-0.7999999999999998,-8.0,-0.0002895,0.0002893
0.0,0.0,-0.6999999999999993,-8.0,-0.0002583,0.0002582
0.0,0.0,-0.5999999999999996,-8.0,-0.0002257,0.0002257
0.0,0.0,-0.5,-8.0,-0.0001918,0.00019170000000000002
0.0,0.0,-0.39999999999999947,-8.0,-0.00015670000000000001,0.0001565
0.0,0.0,-0.2999999999999998,-8.0,-0.00011970000000000001,0.00011970000000000001
0.0,0.0,-0.1999999999999993,-8.0,-8.129e-05,8.129e-05
0.0,0.0,-0.09999999999999964,-8.0,-4.1660000000000004e-05,4.1649999999999996e-05
0.0,0.0,0.0,-8.0,-1.4563e-08,2.2144e-08
