V_Sub,V_Gate,V_Drain,V_Source,I_Drain,I_Source,I_Gate,I_Sub
0.0,-5.0,-0.1,0.0,-2.5870000000000004e-06,2.584e-06,-2.74e-12,1.1564e-08
0.0,-4.8,-0.1,0.0,-2.2810000000000003e-06,2.27e-06,6.000000000000001e-13,1.1523e-08
0.0,-4.6,-0.1,0.0,-1.973e-06,1.9590000000000002e-06,-3.0200000000000005e-12,1.1453e-08
0.0,-4.4,-0.1,0.0,-1.657e-06,1.6450000000000003e-06,7.4e-13,1.024e-08
0.0,-4.2,-0.1,0.0,-1.342e-06,1.328e-06,3.58e-12,1.2836e-08
0.0,-4.0,-0.1,0.0,-1.0220000000000001e-06,1.0110000000000001e-06,3.2e-13,1.1501e-08
0.0,-3.8,-0.1,0.0,-7.118e-07,6.998e-07,-2.6e-13,1.7128e-08
0.0,-3.5999999999999996,-0.1,0.0,-4.1599999999999997e-07,4.0459999999999996e-07,3.9800000000000004e-12,1.1657e-08
0.0,-3.4,-0.1,0.0,-1.706e-07,1.593e-07,-1.6e-13,1.1400999999999999e-08
0.0,-3.2,-0.1,0.0,-3.6538e-08,2.4881e-08,5.2e-13,1.8721e-08
0.0,-3.0,-0.1,0.0,-7.3742e-09,-3.4224e-09,3.6000000000000003e-13,1.0825e-08
0.0,-2.8,-0.1,0.0,-5.9766e-09,-5.222800000000001e-09,4.34e-12,1.1656e-08
0.0,-2.5999999999999996,-0.1,0.0,-5.7754e-09,-5.363600000000001e-09,-8.800000000000001e-13,1.1762e-08
0.0,-2.4,-0.1,0.0,-5.8422e-09,-5.3688e-09,-3.92e-12,1.1469e-08
0.0,-2.1999999999999997,-0.1,0.0,-5.7186e-09,-5.2416e-09,-5.800000000000001e-13,3.136e-09
0.0,-2.0,-0.1,0.0,-5.1094e-09,-4.8652e-09,3.640000000000001e-12,1.0090999999999999e-08
0.0,-1.7999999999999998,-0.1,0.0,-4.6222e-09,-4.6664e-09,-3.2e-13,1.4799999999999999e-08
0.0,-1.5999999999999996,-0.1,0.0,-4.3131999999999995e-09,-4.306200000000001e-09,-4.18e-12,1.5204e-08
0.0,-1.4,-0.1,0.0,-4.1628000000000006e-09,-4.177e-09,-3.2e-13,1.584e-08
0.0,-1.1999999999999997,-0.1,0.0,-4.105e-09,-4.2058e-09,-2.6600000000000004e-12,1.4983e-08
0.0,-1.0,-0.1,0.0,-4.0974e-09,-4.1074e-09,-1.3800000000000002e-12,1.4147999999999999e-08
0.0,-0.7999999999999998,-0.1,0.0,-4.1378e-09,-4.1466000000000005e-09,-5.2e-13,1.4553999999999999e-08
0.0,-0.5999999999999996,-0.1,0.0,-4.0824e-09,-4.1678000000000004e-09,6.000000000000001e-14,1.511e-08
0.0,-0.39999999999999947,-0.1,0.0,-4.0872e-09,-4.1282e-09,-3.6000000000000003e-13,1.5323e-08
0.0,-0.1999999999999993,-0.1,0.0,-4.0684e-09,-4.1114000000000005e-09,-2.3600000000000004e-12,1.4268999999999999e-08
0.0,0.0,-0.1,0.0,-4.0698e-09,-4.1694e-09,-1.1e-12,1.4751e-08
0.0,0.20000000000000018,-0.1,0.0,-4.0316e-09,-4.13e-09,-7e-13,1.5827e-08
0.0,0.40000000000000036,-0.1,0.0,-4.0684e-09,-4.109e-09,-2.5000000000000003e-12,1.5445999999999998e-08
0.0,0.6000000000000005,-0.1,0.0,-4.0266e-09,-4.095e-09,-2.4000000000000003e-12,1.4005e-08
0.0,0.8000000000000007,-0.1,0.0,-4.0515999999999995e-09,-4.0651999999999996e-09,-1.88e-12,1.4449e-08
0.0,1.0,-0.1,0.0,-4.0784e-09,-4.0722e-09,-5.6e-13,1.4835999999999998e-08
0.0,1.2000000000000002,-0.1,0.0,-4.041600000000001e-09,-4.067e-09,-4.600000000000001e-13,1.5643999999999998e-08
0.0,1.4000000000000004,-0.1,0.0,-4.0268e-09,-4.0382e-09,-2.48e-12,1.4951e-08
0.0,1.6000000000000005,-0.1,0.0,-4.080399999999999e-09,-4.0722e-09,-1.78e-12,1.4128999999999999e-08
0.0,1.8000000000000007,-0.1,0.0,-4.0542e-09,-4.0716e-09,-1.1800000000000002e-12,1.4509e-08
0.0,2.0,-0.1,0.0,-4.0682000000000005e-09,-4.095e-09,-7.8e-13,1.5691e-08
0.0,2.2,-0.1,0.0,-4.0600000000000005e-09,-4.0626000000000004e-09,-3.48e-12,1.5292e-08
0.0,2.4000000000000004,-0.1,0.0,-4.078e-09,-4.0646e-09,-2.4000000000000003e-12,1.3913e-08
0.0,2.6000000000000005,-0.1,0.0,-4.0882e-09,-4.1058e-09,-9.200000000000001e-13,1.4877e-08
0.0,2.8000000000000007,-0.1,0.0,-4.0584e-09,-4.0878e-09,-7.4e-13,1.5816e-08
0.0,3.0,-0.1,0.0,-4.0618e-09,-4.0942e-09,-3e-12,1.5168e-08
0.0,3.200000000000001,-0.1,0.0,-4.3322e-09,-4.190400000000001e-09,-2.4400000000000005e-12,1.4570999999999999e-08
0.0,3.4000000000000004,-0.1,0.0,-4.4216000000000005e-09,-4.176400000000001e-09,-6.000000000000001e-14,1.4849999999999999e-08
0.0,3.5999999999999996,-0.1,0.0,-4.6928e-09,-4.695e-09,-4.2e-13,1.771e-08
0.0,3.8000000000000007,-0.1,0.0,-4.5056e-09,-4.817e-09,-3.14e-12,1.1330999999999999e-08
0.0,4.0,-0.1,0.0,-4.3844e-09,-4.3902e-09,-3.640000000000001e-12,9.502999999999999e-09
0.0,4.200000000000001,-0.1,0.0,-4.199e-09,-4.3366e-09,-3.4200000000000004e-12,1.4705e-08
0.0,4.4,-0.1,0.0,-4.190400000000001e-09,-4.2672e-09,-1.6e-13,1.5004e-08
0.0,4.600000000000001,-0.1,0.0,-4.105e-09,-4.1216e-09,-5.000000000000001e-13,1.5761e-08
0.0,4.800000000000001,-0.1,0.0,-4.036e-09,-4.0536e-09,-3.04e-12,1.5234e-08
0.0,5.0,-0.1,0.0,-4.0724e-09,-4.0651999999999996e-09,-2.78e-12,1.4110999999999998e-08
