Vforce,IL,IH,GRND,Iforce,VH,VL
-0.2,0.0,0.0,0.0,-9.712e-05,-0.2446,-0.0418
-0.192,0.0,0.0,0.0,-9.323e-05,-0.2378,-0.0402
-0.184,0.0,0.0,0.0,-8.932e-05,-0.2336,-0.0384
-0.17600000000000002,0.0,0.0,0.0,-8.542e-05,-0.2382,-0.0368
-0.168,0.0,0.0,0.0,-8.153e-05,-0.2294,-0.035
-0.16,0.0,0.0,0.0,-7.765e-05,-0.2252,-0.0332
-0.15200000000000002,0.0,0.0,0.0,-7.374000000000001e-05,-0.2296,-0.032
-0.14400000000000002,0.0,0.0,0.0,-6.986e-05,-0.2206,-0.0302
-0.136,0.0,0.0,0.0,-6.597e-05,-0.2176,-0.0284
-0.128,0.0,0.0,0.0,-6.209e-05,-0.2226,-0.0268
-0.12000000000000001,0.0,0.0,0.0,-5.8200000000000005e-05,-0.2134,-0.025
-0.11200000000000002,0.0,0.0,0.0,-5.431e-05,-0.2102,-0.0236
-0.10400000000000001,0.0,0.0,0.0,-5.0429999999999997e-05,-0.2164,-0.0216
-0.096,0.0,0.0,0.0,-4.654e-05,-0.206,-0.0202
-0.08800000000000001,0.0,0.0,0.0,-4.264e-05,-0.2052,-0.0184
-0.08000000000000002,0.0,0.0,0.0,-3.877e-05,-0.21,-0.0168
-0.07200000000000001,0.0,0.0,0.0,-3.489e-05,-0.1998,-0.015
-0.064,0.0,0.0,0.0,-3.099e-05,-0.2,-0.0132
-0.055999999999999994,0.0,0.0,0.0,-2.7130000000000003e-05,-0.2036,-0.0116
-0.048000000000000015,0.0,0.0,0.0,-2.324e-05,-0.1946,-0.01
-0.04000000000000001,0.0,0.0,0.0,-1.9370000000000003e-05,-0.1962,-0.0082
-0.032,0.0,0.0,0.0,-1.55e-05,-0.1998,-0.0068
-0.02400000000000002,0.0,0.0,0.0,-1.161e-05,-0.1902,-0.005
-0.016000000000000014,0.0,0.0,0.0,-7.738000000000001e-06,-0.1918,-0.0032
-0.008000000000000007,0.0,0.0,0.0,-3.8520000000000006e-06,-0.1868,-0.0014
0.0,0.0,0.0,0.0,1.8689e-08,-0.1912,0.0
0.008000000000000007,0.0,0.0,0.0,3.89e-06,-0.1924,0.0016
0.015999999999999986,0.0,0.0,0.0,7.764e-06,-0.1836,0.0034
0.023999999999999994,0.0,0.0,0.0,1.164e-05,-0.1902,0.005
0.032,0.0,0.0,0.0,1.5510000000000002e-05,-0.1874,0.0068
0.03999999999999998,0.0,0.0,0.0,1.9380000000000004e-05,-0.1884,0.0086
0.04799999999999999,0.0,0.0,0.0,2.324e-05,-0.1792,0.01
0.055999999999999994,0.0,0.0,0.0,2.7110000000000003e-05,-0.1846,0.0118
0.064,0.0,0.0,0.0,3.098e-05,-0.1852,0.0134
0.07200000000000001,0.0,0.0,0.0,3.485e-05,-0.1746,0.0152
0.08000000000000002,0.0,0.0,0.0,3.871e-05,-0.1806,0.0168
0.08800000000000002,0.0,0.0,0.0,4.258e-05,-0.1816,0.0184
0.09599999999999997,0.0,0.0,0.0,4.646e-05,-0.1736,0.0202
0.10399999999999998,0.0,0.0,0.0,5.032e-05,-0.1792,0.022
0.11199999999999999,0.0,0.0,0.0,5.419000000000001e-05,-0.1806,0.0236
0.12,0.0,0.0,0.0,5.806e-05,-0.1706,0.0252
0.128,0.0,0.0,0.0,6.192e-05,-0.1784,0.0268
0.136,0.0,0.0,0.0,6.579e-05,-0.177,0.0286
0.14400000000000002,0.0,0.0,0.0,6.965e-05,-0.1684,0.0302
0.15199999999999997,0.0,0.0,0.0,7.353e-05,-0.1772,0.0318
0.15999999999999998,0.0,0.0,0.0,7.738000000000001e-05,-0.1732,0.0336
0.16799999999999998,0.0,0.0,0.0,8.126e-05,-0.1664,0.0352
0.176,0.0,0.0,0.0,8.511e-05,-0.1736,0.0368
0.184,0.0,0.0,0.0,8.898e-05,-0.17,0.0386
0.192,0.0,0.0,0.0,9.284e-05,-0.1642,0.0404
0.2,0.0,0.0,0.0,9.67e-05,-0.1728,0.0418
