GRND,I1,I2,Vforce,V1,V2,Iforce
0.0,0.0,0.0,-0.2,-0.1544,-0.032,-3.5690000000000005e-06
0.0,0.0,0.0,-0.192,-0.1486,-0.0306,-3.382e-06
0.0,0.0,0.0,-0.184,-0.1424,-0.0294,-3.199e-06
0.0,0.0,0.0,-0.17600000000000002,-0.1362,-0.028,-3.0190000000000002e-06
0.0,0.0,0.0,-0.168,-0.1302,-0.0268,-2.8430000000000006e-06
0.0,0.0,0.0,-0.16,-0.1242,-0.0252,-2.672e-06
0.0,0.0,0.0,-0.15200000000000002,-0.1178,-0.0238,-2.504e-06
0.0,0.0,0.0,-0.14400000000000002,-0.112,-0.0228,-2.341e-06
0.0,0.0,0.0,-0.136,-0.1056,-0.0214,-2.181e-06
0.0,0.0,0.0,-0.128,-0.0996,-0.02,-2.024e-06
0.0,0.0,0.0,-0.12000000000000001,-0.0936,-0.0188,-1.872e-06
0.0,0.0,0.0,-0.11200000000000002,-0.0874,-0.0176,-1.723e-06
0.0,0.0,0.0,-0.10400000000000001,-0.0812,-0.0162,-1.577e-06
0.0,0.0,0.0,-0.096,-0.075,-0.015,-1.436e-06
0.0,0.0,0.0,-0.08800000000000001,-0.0686,-0.0136,-1.2980000000000001e-06
0.0,0.0,0.0,-0.08000000000000002,-0.0624,-0.0126,-1.1630000000000001e-06
0.0,0.0,0.0,-0.07200000000000001,-0.0564,-0.0112,-1.0310000000000002e-06
0.0,0.0,0.0,-0.064,-0.0502,-0.0102,-9.019999999999999e-07
0.0,0.0,0.0,-0.055999999999999994,-0.044,-0.0086,-7.775e-07
0.0,0.0,0.0,-0.048000000000000015,-0.0376,-0.0076,-6.554e-07
0.0,0.0,0.0,-0.04000000000000001,-0.0316,-0.0062,-5.373e-07
0.0,0.0,0.0,-0.032,-0.0254,-0.005,-4.221e-07
0.0,0.0,0.0,-0.02400000000000002,-0.019,-0.0038,-3.098e-07
0.0,0.0,0.0,-0.016000000000000014,-0.0128,-0.0026,-2.006e-07
0.0,0.0,0.0,-0.008000000000000007,-0.0064,-0.0014,-9.428e-08
0.0,0.0,0.0,0.0,-0.0002,-0.0002,7e-09
0.0,0.0,0.0,0.008000000000000007,0.006,0.0012,1.0929999999999999e-07
0.0,0.0,0.0,0.015999999999999986,0.0124,0.0022,2.067e-07
0.0,0.0,0.0,0.023999999999999994,0.019,0.0034,3.0130000000000003e-07
0.0,0.0,0.0,0.032,0.0252,0.0046,3.933e-07
0.0,0.0,0.0,0.03999999999999998,0.0314,0.0058,4.824999999999999e-07
0.0,0.0,0.0,0.04799999999999999,0.0378,0.007,5.689e-07
0.0,0.0,0.0,0.055999999999999994,0.044,0.008,6.531e-07
0.0,0.0,0.0,0.064,0.0504,0.0092,7.345999999999999e-07
0.0,0.0,0.0,0.07200000000000001,0.0568,0.0106,8.139e-07
0.0,0.0,0.0,0.08000000000000002,0.0632,0.0116,8.908999999999999e-07
0.0,0.0,0.0,0.08800000000000002,0.0698,0.0128,9.655e-07
0.0,0.0,0.0,0.09599999999999997,0.0762,0.0138,1.0378e-06
0.0,0.0,0.0,0.10399999999999998,0.0822,0.015,1.1077e-06
0.0,0.0,0.0,0.11199999999999999,0.0888,0.0162,1.175e-06
0.0,0.0,0.0,0.12,0.0952,0.0172,1.24e-06
0.0,0.0,0.0,0.128,0.1018,0.0186,1.3050000000000002e-06
0.0,0.0,0.0,0.136,0.108,0.0196,1.3670000000000002e-06
0.0,0.0,0.0,0.14400000000000002,0.1144,0.0208,1.427e-06
0.0,0.0,0.0,0.15199999999999997,0.121,0.0218,1.4860000000000003e-06
0.0,0.0,0.0,0.15999999999999998,0.1274,0.023,1.543e-06
0.0,0.0,0.0,0.16799999999999998,0.1338,0.0242,1.598e-06
0.0,0.0,0.0,0.176,0.1402,0.025,1.6520000000000002e-06
0.0,0.0,0.0,0.184,0.1468,0.0264,1.705e-06
0.0,0.0,0.0,0.192,0.1532,0.0274,1.7550000000000001e-06
0.0,0.0,0.0,0.2,0.1598,0.0284,1.804e-06
