V_Gate,V_Drain,V_Source,V_Sub,I_Drain,I_Source,I_Gate,I_Sub
-5.0,-0.1,0.0,0.0,-4.596e-05,4.619e-05,-2.78e-12,-1.094e-09
-4.8,-0.1,0.0,0.0,-4.086e-05,4.087000000000001e-05,-1.7e-12,-1.094e-09
-4.6,-0.1,0.0,0.0,-3.559e-05,3.558e-05,-2.2200000000000002e-12,-1.0726e-09
-4.4,-0.1,0.0,0.0,-3.0089999999999998e-05,3.01e-05,-2.38e-12,-1.0934e-09
-4.2,-0.1,0.0,0.0,-2.4390000000000002e-05,2.4390000000000002e-05,-1.2000000000000001e-12,-1.0606e-09
-4.0,-0.1,0.0,0.0,-1.851e-05,1.85e-05,-2.78e-12,-1.0972e-09
-3.8,-0.1,0.0,0.0,-1.253e-05,1.253e-05,-1.8400000000000002e-12,-1.0724000000000001e-09
-3.5999999999999996,-0.1,0.0,0.0,-6.819000000000001e-06,6.808000000000001e-06,-1.166e-11,-1.0952e-09
-3.4,-0.1,0.0,0.0,-2.324e-06,2.324e-06,-1.448e-11,-1.089e-09
-3.2,-0.1,0.0,0.0,-3.3959999999999994e-07,3.381e-07,-1.8000000000000002e-13,-9.64e-10
-3.0,-0.1,0.0,0.0,-2.0510999999999998e-08,2.0406e-08,-1.26e-12,-1.0692e-09
-2.8,-0.1,0.0,0.0,-9.4826e-10,9.1394e-10,-9.84e-12,-1.0598e-09
-2.5999999999999996,-0.1,0.0,0.0,-5.2060000000000006e-11,4.236e-11,1.2000000000000002e-13,-1.09e-09
-2.4,-0.1,0.0,0.0,-9.960000000000002e-12,-6.8e-13,-1.1e-12,-1.0724000000000001e-09
-2.1999999999999997,-0.1,0.0,0.0,-7.42e-12,-4.7e-12,-1.5e-12,-1.08e-09
-2.0,-0.1,0.0,0.0,-7.16e-12,-2.16e-12,-1.08e-12,-1.0968e-09
-1.7999999999999998,-0.1,0.0,0.0,-5.8e-12,-2.82e-12,-1.3000000000000001e-12,-1.072e-09
-1.5999999999999996,-0.1,0.0,0.0,-6.900000000000001e-12,-4.720000000000001e-12,-1.86e-12,-1.091e-09
-1.4,-0.1,0.0,0.0,-6.36e-12,-1.64e-12,-7.8e-13,-1.0802e-09
-1.1999999999999997,-0.1,0.0,0.0,-6.680000000000001e-12,-3.8800000000000004e-12,-1.1400000000000002e-12,-1.0848000000000002e-09
-1.0,-0.1,0.0,0.0,-7.040000000000001e-12,-1.3800000000000002e-12,9.000000000000001e-13,-1.0962e-09
-0.7999999999999998,-0.1,0.0,0.0,-7.200000000000001e-12,-1.3400000000000001e-12,-7.6e-13,-1.0968e-09
-0.5999999999999996,-0.1,0.0,0.0,-6.7800000000000006e-12,-2.96e-12,-5.2e-13,-1.0838e-09
-0.39999999999999947,-0.1,0.0,0.0,-6.040000000000001e-12,-3.6000000000000003e-13,0.0,-1.113e-09
-0.1999999999999993,-0.1,0.0,0.0,-5.940000000000001e-12,-1.9e-12,-1.5800000000000001e-12,-1.0782e-09
0.0,-0.1,0.0,0.0,-7.06e-12,-4.1400000000000005e-12,-1.64e-12,-1.1114000000000001e-09
0.20000000000000018,-0.1,0.0,0.0,-7.94e-12,-1.74e-12,-2.2000000000000002e-13,-1.1104e-09
0.40000000000000036,-0.1,0.0,0.0,-1.08e-11,-9.4e-13,2.6e-13,1.1466e-09
0.6000000000000005,-0.1,0.0,0.0,-5.44e-12,-5.420000000000001e-12,1.4e-12,1.4496e-09
0.8000000000000007,-0.1,0.0,0.0,9.600000000000002e-13,-1.0120000000000001e-11,-3.8e-13,-1.1772e-09
1.0,-0.1,0.0,0.0,-8.720000000000002e-12,-6.28e-12,-2.9400000000000004e-12,-1.3929999999999998e-09
1.2000000000000002,-0.1,0.0,0.0,-6.7800000000000006e-12,1.8400000000000002e-12,-2e-14,1.409e-09
1.4000000000000004,-0.1,0.0,0.0,-4.52e-12,-5.420000000000001e-12,1.1400000000000002e-12,1.313e-09
1.6000000000000005,-0.1,0.0,0.0,-6.24e-12,-1.3880000000000001e-11,-4e-14,-1.3808e-09
1.8000000000000007,-0.1,0.0,0.0,-9.04e-12,-6.4e-12,7.200000000000001e-13,-1.5496e-09
2.0,-0.1,0.0,0.0,-5.940000000000001e-12,1.1800000000000002e-12,2e-14,1.3852000000000001e-09
2.2,-0.1,0.0,0.0,-4.24e-12,-5.720000000000001e-12,0.0,1.4452e-09
2.4000000000000004,-0.1,0.0,0.0,-4.980000000000001e-12,-1.096e-11,-8e-14,-1.2902e-09
2.6000000000000005,-0.1,0.0,0.0,-7.760000000000001e-12,-6.7800000000000006e-12,-1.2200000000000003e-12,-1.6798e-09
2.8000000000000007,-0.1,0.0,0.0,-1.0020000000000001e-11,4e-14,0.0,1.3218e-09
3.0,-0.1,0.0,0.0,-4.78e-12,-6.26e-12,6.6e-13,1.4832e-09
3.200000000000001,-0.1,0.0,0.0,-2.82e-12,-1.1720000000000001e-11,3.2e-13,-1.242e-09
3.4000000000000004,-0.1,0.0,0.0,-6.5e-12,-7.22e-12,-4e-13,-1.6862e-09
3.5999999999999996,-0.1,0.0,0.0,-1.2020000000000001e-11,-1.28e-12,-1.0199999999999999e-12,1.3168e-09
3.8000000000000007,-0.1,0.0,0.0,-5.680000000000001e-12,-6.040000000000001e-12,1.7600000000000002e-12,1.5296000000000002e-09
4.0,-0.1,0.0,0.0,-2.2000000000000002e-13,-1.062e-11,6.000000000000001e-14,-1.201e-09
4.200000000000001,-0.1,0.0,0.0,-9.960000000000002e-12,-6.72e-12,-2.12e-12,-1.4020000000000001e-09
4.4,-0.1,0.0,0.0,-6.6200000000000005e-12,3.7e-12,0.0,1.452e-09
4.600000000000001,-0.1,0.0,0.0,-5.520000000000001e-12,-5.82e-12,2e-14,1.5314000000000001e-09
4.800000000000001,-0.1,0.0,0.0,2.6e-13,-9.600000000000001e-12,-3.8e-13,-1.1718e-09
5.0,-0.1,0.0,0.0,-7.4e-12,-6.5e-12,-1.8000000000000002e-12,-1.6900000000000002e-09
