NetActive(C2(n20_3e11_fps)) X,NetActive(C2(n20_3e11_fps)) Y
-2.1010191,0
-1.2133918,0
-0.76957804,0
-0.32576436,0
-0.1038575,0
-0.100958,0
-0.100958,0
0.0070959223,0
0.093823068,0
0.093823068,1.8287587e+20
0.11804935,1.5545037e+20
0.22900277,8.5644295e+19
0.33995619,5.5436895e+18
0.45090961,3.2332024e+16
0.56186306,-9.4790789e+15
0.67281646,-9.9022196e+15
0.78376991,-9.9668764e+15
0.8947233,-9.9839342e+15
1.0056767,-9.9916024e+15
1.2275835,-9.9968242e+15
1.4494904,-9.9987905e+15
1.8933041,-9.9996879e+15
2.3371179,-9.9999283e+15
2.7809315,-9.9999961e+15
3.2247453,-1.0000016e+16
3.6685588,-1.0000025e+16
4.1123724,-1.0000027e+16
4.5561862,-1.0000026e+16
5,-1.0000025e+16

