NetActive(C1(n20_fps)) X,NetActive(C1(n20_fps)) Y
-2.1010191,0
-1.2133918,0
-1.0441962,0
-1.0441962,0
-0.76957804,0
-0.32576436,0
-0.1038575,0
-0.04742258,0
-0.04742258,0
0.0070959223,0
0.051772065,0
0.051772065,-5.3080888e+15
0.11804935,-1.0691977e+16
0.22900277,-1.1741716e+16
0.33995619,-1.0587358e+16
0.45090961,-1.0116988e+16
0.56186306,-1.0015008e+16
0.67281646,-1.0001291e+16
0.78376991,-1.0000266e+16
0.8947233,-1.0000227e+16
1.0056767,-1.0000186e+16
1.2275835,-1.0000129e+16
1.4494904,-1.00001e+16
1.8933041,-1.000007e+16
2.3371179,-1.0000051e+16
2.7809315,-1.0000038e+16
3.2247453,-1.0000029e+16
3.6685588,-1.0000023e+16
4.1123724,-1.0000018e+16
4.5561862,-1.0000016e+16
5,-1.0000015e+16

