NetActive(C3(n20_fps)) X,NetActive(C3(n20_fps)) Y
0,-1.0996328e+16
0.035167661,-1.0996315e+16
0.09765625,-1.0996309e+16
0.13282391,-1.0996295e+16
0.1953125,-1.0996289e+16
0.23048016,-1.0996283e+16
0.29296875,-1.0996281e+16
0.32813641,-1.0996281e+16
0.390625,-1.0996281e+16
0.42579266,-1.0996282e+16
0.48828125,-1.0996283e+16
0.52344888,-1.0996285e+16
0.5859375,-1.0996286e+16
0.62110513,-1.0996288e+16
0.68359375,-1.099629e+16
0.71876138,-1.0996293e+16
0.78125,-1.0996295e+16
0.81641763,-1.0996297e+16
0.87890625,-1.09963e+16
0.91407388,-1.0996303e+16
0.9765625,-1.0996305e+16
1.0117302,-1.0996308e+16
1.0742188,-1.0996311e+16
1.1093864,-1.0996315e+16
1.171875,-1.0996318e+16
1.2070427,-1.0996322e+16
1.2695313,-1.0996325e+16
1.3046989,-1.0996329e+16
1.3671875,-1.0996333e+16
1.4023552,-1.0996338e+16
1.4648438,-1.0996342e+16
1.5000114,-1.0996347e+16
1.5625,-1.0996351e+16
1.5976677,-1.0996356e+16
1.6601563,-1.0996361e+16
1.6953239,-1.0996366e+16
1.7578125,-1.0996371e+16
1.7929802,-1.0996377e+16
1.8554688,-1.0996382e+16
1.8906364,-1.0996388e+16
1.953125,-1.0996394e+16
1.9882927,-1.09964e+16
2.0507813,-1.0996406e+16
2.0859489,-1.0996413e+16
2.1484375,-1.0996419e+16
2.1836052,-1.0996427e+16
2.2460938,-1.0996433e+16
2.2812614,-1.0996441e+16
2.34375,-1.0996448e+16
2.3789177,-1.0996456e+16
2.4414063,-1.0996463e+16
2.4765739,-1.0996472e+16
2.5390625,-1.0996479e+16
2.5742302,-1.0996488e+16
2.6367188,-1.0996497e+16
2.6718864,-1.0996506e+16
2.734375,-1.0996514e+16
2.7695427,-1.0996524e+16
2.8320313,-1.0996533e+16
2.8671989,-1.0996544e+16
2.9296875,-1.0996553e+16
2.9648552,-1.0996564e+16
3.0273438,-1.0996574e+16
3.0625114,-1.0996585e+16
3.125,-1.0996595e+16
3.1601677,-1.0996607e+16
3.2226563,-1.0996618e+16
3.2578239,-1.099663e+16
3.3203125,-1.0996642e+16
3.3554802,-1.0996655e+16
3.4179688,-1.0996667e+16
3.4531364,-1.099668e+16
3.515625,-1.0996693e+16
3.5507927,-1.0996707e+16
3.6132813,-1.099672e+16
3.6484489,-1.0996735e+16
3.7109375,-1.0996748e+16
3.7461052,-1.0996764e+16
3.8085938,-1.0996778e+16
3.8437614,-1.0996794e+16
3.90625,-1.0996809e+16
3.9414177,-1.0996826e+16
4.0039063,-1.0996842e+16
4.0390739,-1.099686e+16
4.1015625,-1.0996876e+16
4.1367302,-1.0996895e+16
4.1992188,-1.0996912e+16
4.2343864,-1.0996932e+16
4.296875,-1.099695e+16
4.3320427,-1.099697e+16
4.3945313,-1.0996989e+16
4.4296989,-1.0997011e+16
4.4921875,-1.0997031e+16
4.5273552,-1.0997053e+16
4.5898438,-1.0997074e+16
4.6250114,-1.0997098e+16
4.6875,-1.099712e+16
4.7226677,-1.0997144e+16
4.7851563,-1.0997168e+16
4.8203239,-1.0997194e+16
4.8828125,-1.0997218e+16
4.9179802,-1.0997246e+16
4.9804688,-1.0997271e+16
5.0156364,-1.09973e+16
5.078125,-1.0997327e+16
5.1132927,-1.0997358e+16
5.1757813,-1.0997386e+16
5.2109489,-1.0997419e+16
5.2734375,-1.0997449e+16
5.3086052,-1.0997483e+16
5.3710938,-1.0997515e+16
5.4062614,-1.0997551e+16
5.46875,-1.0997585e+16
5.5039177,-1.0997623e+16
5.5664063,-1.0997659e+16
5.6015739,-1.09977e+16
5.6640625,-1.0997738e+16
5.6992302,-1.0997782e+16
5.7617188,-1.0997822e+16
5.7968864,-1.0997869e+16
5.859375,-1.0997912e+16
5.8945427,-1.0997962e+16
5.9570313,-1.0998009e+16
5.9921989,-1.0998062e+16
6.0546875,-1.0998112e+16
6.0898552,-1.099817e+16
6.1523438,-1.0998223e+16
6.1875114,-1.0998286e+16
6.25,-1.0998344e+16
6.2851677,-1.0998411e+16
6.3476563,-1.0998474e+16
6.3828239,-1.0998548e+16
6.4453125,-1.0998616e+16
6.4804802,-1.0998696e+16
6.5429688,-1.0998771e+16
6.5781364,-1.099886e+16
6.640625,-1.0998942e+16
6.6757927,-1.099904e+16
6.7382813,-1.0999131e+16
6.7734489,-1.099924e+16
6.8359375,-1.0999341e+16
6.8711052,-1.0999464e+16
6.9335938,-1.0999577e+16
6.9687614,-1.0999717e+16
7.03125,-1.0999845e+16
7.0664177,-1.1000006e+16
7.1289063,-1.1000154e+16
7.1640739,-1.1000351e+16
7.2265625,-1.1000528e+16
7.2617302,-1.1000852e+16
7.3242188,-1.1001111e+16
7.3593864,-1.1002323e+16
7.421875,-1.1003084e+16
7.4570427,-1.1011095e+16
7.5195313,-1.1015586e+16
7.5546989,-1.1070013e+16
7.6171875,-1.1099809e+16
7.6523552,-1.1420585e+16
7.7148438,-1.159534e+16
7.7500114,-1.3148073e+16
7.8125,-1.3993167e+16
7.8476677,-1.9888583e+16
7.9101563,-2.3100991e+16
7.9453239,-3.9652201e+16
8.0078125,-4.8713948e+16
8.0429802,-8.0691299e+16
8.1054688,-9.8392854e+16
8.1406364,-1.3988183e+17
8.203125,-1.6324111e+17
8.2382927,-2.0841515e+17
8.3007813,-2.3428155e+17
8.3359489,-2.8063758e+17
8.3984375,-3.0756082e+17
8.4336052,-3.5447154e+17
8.4960938,-3.8200759e+17
8.5312614,-4.2936954e+17
8.59375,-4.5740095e+17
8.6289177,-5.051596e+17
8.6914063,-5.3364914e+17
8.7265739,-5.8176849e+17
8.7890625,-6.1071747e+17
8.8242302,-6.5921001e+17
8.8867188,-6.88654e+17
8.9218864,-7.3749864e+17
8.984375,-7.6746622e+17
9.0195427,-8.1632003e+17
9.0820313,-8.4667485e+17
9.1171989,-8.9474191e+17
9.1796875,-9.249879e+17
9.2148552,-9.7050452e+17
9.2773438,-9.9935797e+17
9.3125114,-1.0400719e+18
9.375,-1.0657158e+18
9.4101677,-1.1012566e+18
9.4726563,-1.1232446e+18
9.5078239,-1.1558904e+18
9.5703125,-1.1759264e+18
9.6054802,-1.2079876e+18
9.6679688,-1.2277789e+18
9.7031364,-1.2606693e+18
9.765625,-1.2812701e+18
9.8007927,-1.315361e+18
9.8632813,-1.3371779e+18
9.8984489,-1.3714436e+18
9.9609375,-1.3939471e+18
9.9961052,-1.4269492e+18
10.058594,-1.4492888e+18
10.093761,-1.4805532e+18
10.15625,-1.5023519e+18
10.191418,-1.5323717e+18
10.253906,-1.5537969e+18
10.289074,-1.5832272e+18
10.351563,-1.6045908e+18
10.38673,-1.6338268e+18
10.449219,-1.6553206e+18
10.484386,-1.6844841e+18
10.546875,-1.7061782e+18
10.582043,-1.7353303e+18
10.644531,-1.7572441e+18
10.679699,-1.7863964e+18
10.742188,-1.8085304e+18
10.777355,-1.8376753e+18
10.839844,-1.8600218e+18
10.875011,-1.8891293e+18
10.9375,-1.9116675e+18
10.972668,-1.9406289e+18
11.035156,-1.9632819e+18
11.070324,-1.9917411e+18
11.132813,-2.0142303e+18
11.16798,-2.0412837e+18
11.230469,-2.0628224e+18
11.265636,-2.0869506e+18
11.328125,-2.1060591e+18
11.363293,-2.1261822e+18
11.425781,-2.1416466e+18
11.460949,-2.1587387e+18
11.523438,-2.1715153e+18
11.558605,-2.1873165e+18
11.621094,-2.1990376e+18
11.656261,-2.2148384e+18
11.71875,-2.2266664e+18
11.753918,-2.2428435e+18
11.816406,-2.2551935e+18
11.851574,-2.2706127e+18
11.914063,-2.2826192e+18
11.94923,-2.2947425e+18
12.011719,-2.3041649e+18
12.046886,-2.3113289e+18
12.109375,-2.3166263e+18
12.144543,-2.3198454e+18
12.207031,-2.3219979e+18
12.242199,-2.3231424e+18
12.304688,-2.3237748e+18
12.339855,-2.3241039e+18
12.402344,-2.3242117e+18
12.437511,-2.3242781e+18
12.5,-2.3242545e+18
12.535168,-2.324242e+18
12.597656,-2.3242008e+18
12.632824,-2.3241596e+18
12.695313,-2.3241253e+18
12.73048,-2.324067e+18
12.792969,-2.3240425e+18
12.828136,-2.3239694e+18
12.890625,-2.3239544e+18
12.925793,-2.3238661e+18
12.988281,-2.3238603e+18
13.023449,-2.3237556e+18
13.085938,-2.3237597e+18
13.121105,-2.3236363e+18
13.183594,-2.323652e+18
13.218761,-2.3235055e+18
13.28125,-2.3235354e+18
13.316418,-2.3233561e+18
13.378906,-2.3234025e+18
13.414074,-2.3231557e+18
13.476563,-2.3232111e+18
13.51173,-2.3227571e+18
13.574219,-2.3227533e+18
13.609386,-2.3215672e+18
13.671875,-2.3211713e+18
13.707043,-2.3175875e+18
13.769531,-2.3155803e+18
13.804699,-2.3054845e+18
13.867188,-2.2985152e+18
13.902355,-2.2748377e+18
13.964844,-2.2566375e+18
14.000011,-2.2129768e+18
14.0625,-2.1776573e+18
14.097668,-2.1151878e+18
14.160156,-2.0646037e+18
14.195324,-1.9903862e+18
14.257813,-1.93171e+18
14.29298,-1.852273e+18
14.355469,-1.7913407e+18
14.390636,-1.7102246e+18
14.453125,-1.6498207e+18
14.488293,-1.5684026e+18
14.550781,-1.50946e+18
14.585949,-1.4282207e+18
14.648438,-1.370962e+18
14.683605,-1.2900329e+18
14.746094,-1.2344525e+18
14.781261,-1.1539383e+18
14.84375,-1.0999785e+18
14.878918,-1.0200664e+18
14.941406,-9.6768852e+17
14.976574,-8.8861589e+17
15.039063,-8.3780066e+17
15.07423,-7.6038696e+17
15.136719,-7.1152936e+17
15.171886,-6.3793907e+17
15.234375,-5.9243954e+17
15.269543,-5.267103e+17
15.332031,-4.8737478e+17
15.367199,-4.333564e+17
15.429688,-4.0268946e+17
15.464855,-3.5732204e+17
15.527344,-3.3280985e+17
15.562511,-2.9128016e+17
15.625,-2.6951194e+17
15.660168,-2.2867866e+17
15.722656,-2.0762155e+17
15.757824,-1.6628139e+17
15.820313,-1.4519334e+17
15.85548,-1.0589035e+17
15.917969,-8.6042571e+16
15.953136,-5.6525103e+16
16.015625,-4.1768571e+16
16.050793,-2.7448567e+16
16.113281,-2.0327727e+16
16.148449,-1.5560144e+16
16.210938,-1.3190681e+16
16.246105,-1.2007018e+16
16.308594,-1.1417711e+16
16.343761,-1.1184572e+16
16.40625,-1.1068187e+16
16.441418,-1.1029991e+16
16.503906,-1.1010837e+16
16.539074,-1.100531e+16
16.601563,-1.1002493e+16
16.63673,-1.100163e+16
16.699219,-1.1001152e+16
16.734386,-1.1000892e+16
16.796875,-1.1000719e+16
16.832043,-1.1000547e+16
16.894531,-1.1000421e+16
16.929699,-1.1000276e+16
16.992188,-1.1000167e+16
17.027355,-1.100004e+16
17.089844,-1.0999942e+16
17.125011,-1.0999829e+16
17.1875,-1.0999742e+16
17.222668,-1.099964e+16
17.285156,-1.0999561e+16
17.320324,-1.099947e+16
17.382813,-1.0999399e+16
17.41798,-1.0999316e+16
17.480469,-1.0999251e+16
17.515636,-1.0999177e+16
17.578125,-1.0999117e+16
17.613293,-1.0999049e+16
17.675781,-1.0998995e+16
17.710949,-1.0998933e+16
17.773438,-1.0998883e+16
17.808605,-1.0998827e+16
17.871094,-1.0998782e+16
17.906261,-1.099873e+16
17.96875,-1.0998688e+16
18.003918,-1.0998641e+16
18.066406,-1.0998603e+16
18.101574,-1.0998559e+16
18.164063,-1.0998525e+16
18.19923,-1.0998484e+16
18.261719,-1.0998453e+16
18.296886,-1.0998416e+16
18.359375,-1.0998387e+16
18.394543,-1.0998353e+16
18.457031,-1.0998327e+16
18.492199,-1.0998296e+16
18.554688,-1.0998272e+16
18.589855,-1.0998244e+16
18.652344,-1.0998223e+16
18.687511,-1.0998197e+16
18.75,-1.0998178e+16
18.785168,-1.0998154e+16
18.847656,-1.0998137e+16
18.882824,-1.0998115e+16
18.945313,-1.09981e+16
18.98048,-1.0998081e+16
19.042969,-1.0998068e+16
19.078136,-1.099805e+16
19.140625,-1.0998039e+16
19.175793,-1.0998023e+16
19.238281,-1.0998014e+16
19.273449,-1.0998e+16
19.335938,-1.0997993e+16
19.371105,-1.0997981e+16
19.433594,-1.0997975e+16
19.468761,-1.0997965e+16
19.53125,-1.0997961e+16
19.566418,-1.0997952e+16
19.628906,-1.0997951e+16
19.664074,-1.0997943e+16
19.726563,-1.0997944e+16
19.76173,-1.0997938e+16
19.824219,-1.099794e+16
19.859386,-1.0997936e+16
19.921875,-1.0997939e+16
19.957043,-1.0997937e+16
20.019531,-1.0997942e+16
20.054699,-1.0997941e+16
20.117188,-1.0997949e+16
20.152355,-1.099795e+16
20.214844,-1.0997959e+16
20.250011,-1.0997962e+16
20.3125,-1.0997973e+16
20.347668,-1.0997977e+16
20.410156,-1.0997991e+16
20.445324,-1.0997997e+16
20.507813,-1.0998013e+16
20.54298,-1.0998021e+16
20.605469,-1.0998039e+16
20.640636,-1.0998048e+16
20.703125,-1.099807e+16
20.738293,-1.0998081e+16
20.800781,-1.0998105e+16
20.835949,-1.0998118e+16
20.898438,-1.0998145e+16
20.933605,-1.099816e+16
20.996094,-1.0998191e+16
21.031261,-1.0998208e+16
21.09375,-1.0998243e+16
21.128918,-1.0998262e+16
21.191406,-1.09983e+16
21.226574,-1.0998323e+16
21.289063,-1.0998365e+16
21.32423,-1.099839e+16
21.386719,-1.0998438e+16
21.421886,-1.0998466e+16
21.484375,-1.0998519e+16
21.519543,-1.0998551e+16
21.582031,-1.099861e+16
21.617199,-1.0998645e+16
21.679688,-1.0998712e+16
21.714855,-1.0998751e+16
21.777344,-1.0998826e+16
21.812511,-1.099887e+16
21.875,-1.0998954e+16
21.910168,-1.0999003e+16
21.972656,-1.0999099e+16
22.007824,-1.0999154e+16
22.070313,-1.0999263e+16
22.10548,-1.0999326e+16
22.167969,-1.099945e+16
22.203136,-1.0999521e+16
22.265625,-1.0999664e+16
22.300793,-1.0999747e+16
22.363281,-1.0999913e+16
22.398449,-1.1000008e+16
22.460938,-1.1000202e+16
22.496105,-1.1000313e+16
22.558594,-1.1000544e+16
22.593761,-1.1000675e+16
22.65625,-1.1000951e+16
22.691418,-1.1001108e+16
22.753906,-1.1001445e+16
22.789074,-1.1001641e+16
22.851563,-1.1002059e+16
22.88673,-1.1002308e+16
22.949219,-1.1002839e+16
22.984386,-1.1003167e+16
23.046875,-1.1003858e+16
23.082043,-1.1004311e+16
23.144531,-1.1005243e+16
23.179699,-1.1005911e+16
23.242188,-1.1007225e+16
23.277355,-1.1008291e+16
23.339844,-1.101025e+16
23.375011,-1.1012069e+16
23.4375,-1.101518e+16
23.472668,-1.101815e+16
23.535156,-1.1023235e+16
23.570324,-1.1025943e+16
23.632813,-1.1033317e+16
23.66798,-1.1022815e+16
23.730469,-1.1027311e+16
23.765636,-1.0904599e+16
23.828125,-1.0880944e+16
23.863293,-8.8832097e+15
23.925781,-8.7437469e+15
23.960949,2.0788063e+16
24.023438,2.1632794e+16
24.058605,2.046812e+17
24.121094,2.0878332e+17
24.156261,5.6462717e+17
24.21875,5.7166648e+17
24.253918,1.1644949e+18
24.316406,1.1767115e+18
24.351574,2.0279796e+18
24.414063,2.0474646e+18
24.44923,3.1456137e+18
24.511719,3.1747978e+18
24.546886,4.488294e+18
24.609375,4.5300352e+18
24.644543,6.0398311e+18
24.707031,6.0969381e+18
24.742199,7.7638126e+18
24.804688,7.8403602e+18
24.839855,9.7476764e+18
24.902344,9.8526969e+18
24.937511,1.1934946e+19
25,1.2073296e+19
25.035168,1.4221612e+19
25.097656,1.439536e+19
25.132824,1.6669296e+19
25.195313,1.6884445e+19
25.23048,1.9193478e+19
25.292969,1.945091e+19
25.328136,2.1739569e+19
25.390625,2.2039001e+19
25.425793,2.4186773e+19
25.488281,2.45227e+19
25.523449,2.6672356e+19
25.585938,2.7054114e+19
25.621105,2.9057318e+19
25.683594,2.946659e+19
25.718761,3.1144425e+19
25.78125,3.1538895e+19
25.816418,3.2648395e+19
25.878906,3.2929625e+19
25.914074,3.3624022e+19
25.976563,3.3815658e+19
26.01173,3.4124682e+19
26.074219,3.4209631e+19
26.109386,3.4301737e+19
26.171875,3.4325551e+19
26.207043,3.434376e+19
26.269531,3.4348559e+19
26.304699,3.4348733e+19
26.367188,3.4348996e+19
26.402355,3.4345257e+19
26.464844,3.4344399e+19
26.500011,3.4339791e+19
26.5625,3.4338594e+19
26.597668,3.4333772e+19
26.660156,3.4332452e+19
26.695324,3.4327685e+19
26.757813,3.4326313e+19
26.79298,3.4321414e+19
26.855469,3.4319993e+19
26.890636,3.4315092e+19
26.953125,3.4313651e+19
26.988293,3.4308753e+19
27.050781,3.43073e+19
27.085949,3.430241e+19
27.148438,3.430095e+19
27.183605,3.4296064e+19
27.246094,3.42946e+19
27.281261,3.4289715e+19
27.34375,3.428825e+19
27.378918,3.4283357e+19
27.441406,3.4281891e+19
27.476574,3.4276984e+19
27.539063,3.4275519e+19
27.57423,3.4270352e+19
27.636719,3.4268873e+19
27.671886,3.4264046e+19
27.734375,3.4262629e+19
27.769543,3.4258335e+19
27.832031,3.4257033e+19
27.867199,3.4254327e+19
27.929688,3.4253433e+19
27.964855,3.425486e+19
28.027344,3.4255179e+19
28.062511,3.4262201e+19
28.125,3.426427e+19
28.160168,3.4273821e+19
28.222656,3.4276575e+19
28.257824,3.4286866e+19
28.320313,3.4289806e+19
28.35548,3.4300256e+19
28.417969,3.430324e+19
28.453136,3.4313724e+19
28.515625,3.4316724e+19
28.550793,3.4327266e+19
28.613281,3.433028e+19
28.648449,3.4341217e+19
28.710938,3.4344293e+19
28.746105,3.4356271e+19
28.808594,3.435957e+19
28.843761,3.4367204e+19
28.90625,3.4369836e+19
28.941418,3.4379748e+19
29.003906,3.4382684e+19
29.039074,3.4393083e+19
29.101563,3.4396087e+19
29.13673,3.4406532e+19
29.199219,3.4409548e+19
29.234386,3.4419988e+19
29.296875,3.4423005e+19
29.332043,3.4433442e+19
29.394531,3.4436456e+19
29.429699,3.4446775e+19
29.492188,3.4449783e+19
29.527355,3.4458263e+19
29.589844,3.4461182e+19
29.625011,3.4471436e+19
29.6875,3.4474428e+19
29.722668,3.4484567e+19
29.785156,3.4487512e+19
29.820324,3.4496737e+19
29.882813,3.4499462e+19
29.91798,3.4505794e+19
29.980469,3.4507725e+19
30.015636,3.450808e+19
30.078125,3.4508074e+19
30.113293,3.4503999e+19
30.175781,3.4502735e+19
30.210949,3.4497276e+19
30.273438,3.4495636e+19
30.308605,3.4489832e+19
30.371094,3.4488107e+19
30.406261,3.4482334e+19
30.46875,3.4480599e+19
30.503918,3.4476255e+19
30.566406,3.447454e+19
30.601574,3.4468809e+19
30.664063,3.4467079e+19
30.69923,3.4461298e+19
30.761719,3.4459566e+19
30.796886,3.4453639e+19
30.859375,3.4451884e+19
30.894543,3.4445925e+19
30.957031,3.4444164e+19
30.992199,3.4438193e+19
31.054688,3.443643e+19
31.089855,3.4430456e+19
31.152344,3.4428693e+19
31.187511,3.4422717e+19
31.25,3.4420955e+19
31.285168,3.4414978e+19
31.347656,3.4413216e+19
31.382824,3.4407236e+19
31.445313,3.4405476e+19
31.48048,3.439949e+19
31.542969,3.4397731e+19
31.578136,3.4391788e+19
31.640625,3.4390037e+19
31.675793,3.4384307e+19
31.738281,3.438259e+19
31.773449,3.4379246e+19
31.835938,3.4377844e+19
31.871105,3.4370619e+19
31.933594,3.4368639e+19
31.968761,3.4362829e+19
32.03125,3.4361156e+19
32.066418,3.435637e+19
32.128906,3.4354922e+19
32.164074,3.4350167e+19
32.226563,3.4348761e+19
32.26173,3.434403e+19
32.324219,3.4342632e+19
32.359386,3.433787e+19
32.421875,3.4336471e+19
32.457043,3.4331698e+19
32.519531,3.4330299e+19
32.554699,3.4325522e+19
32.617188,3.4324123e+19
32.652355,3.4319347e+19
32.714844,3.4317949e+19
32.750011,3.4313171e+19
32.8125,3.4311775e+19
32.847668,3.4306996e+19
32.910156,3.43056e+19
32.945324,3.430082e+19
33.007813,3.4299425e+19
33.04298,3.4294644e+19
33.105469,3.429325e+19
33.140636,3.4288466e+19
33.203125,3.4287073e+19
33.238293,3.4282267e+19
33.300781,3.4280873e+19
33.335949,3.4275934e+19
33.398438,3.4274526e+19
33.433605,3.4269594e+19
33.496094,3.4268185e+19
33.531261,3.4263363e+19
33.59375,3.4261981e+19
33.628918,3.425704e+19
33.691406,3.4255663e+19
33.726574,3.4251118e+19
33.789063,3.4249813e+19
33.82423,3.4246132e+19
33.886719,3.4245028e+19
33.921886,3.4244119e+19
33.984375,3.4243762e+19
34.019543,3.4248764e+19
34.082031,3.4250271e+19
34.117199,3.4258895e+19
34.179688,3.4261437e+19
34.214855,3.4271332e+19
34.277344,3.4274203e+19
34.312511,3.4284415e+19
34.375,3.4287369e+19
34.410168,3.4297648e+19
34.472656,3.4300623e+19
34.507824,3.4310909e+19
34.570313,3.4313891e+19
34.60548,3.4324179e+19
34.667969,3.4327165e+19
34.703136,3.4337508e+19
34.765625,3.4340505e+19
34.800793,3.4351244e+19
34.863281,3.4354301e+19
34.898449,3.4366118e+19
34.960938,3.4369399e+19
34.996105,3.4376846e+19
35.058594,3.4379457e+19
35.093761,3.4389164e+19
35.15625,3.4392075e+19
35.191418,3.440227e+19
35.253906,3.4405249e+19
35.289074,3.4415491e+19
35.351563,3.4418478e+19
35.38673,3.4428725e+19
35.449219,3.443171e+19
35.484386,3.4441843e+19
35.546875,3.4444821e+19
35.582043,3.44531e+19
35.644531,3.4455985e+19
35.679699,3.4465954e+19
35.742188,3.4468891e+19
35.777355,3.4478407e+19
35.839844,3.4481212e+19
35.875011,3.4488907e+19
35.9375,3.4491221e+19
35.972668,3.4494804e+19
36.035156,3.4495811e+19
36.070324,3.449288e+19
36.132813,3.4492019e+19
36.16798,3.4487016e+19
36.230469,3.4485531e+19
36.265636,3.4479963e+19
36.328125,3.4478306e+19
36.363293,3.4474228e+19
36.425781,3.4472589e+19
36.460949,3.4466966e+19
36.523438,3.4465283e+19
36.558605,3.4459576e+19
36.621094,3.4457884e+19
36.656261,3.4452025e+19
36.71875,3.4450308e+19
36.753918,3.4444415e+19
36.816406,3.4442692e+19
36.851574,3.4436789e+19
36.914063,3.4435064e+19
36.94923,3.4429158e+19
37.011719,3.4427432e+19
37.046886,3.4421525e+19
37.109375,3.4419799e+19
37.144543,3.4413892e+19
37.207031,3.4412167e+19
37.242199,3.4406256e+19
37.304688,3.4404532e+19
37.339855,3.439861e+19
37.402344,3.4396885e+19
37.437511,3.4390985e+19
37.5,3.4389266e+19
37.535168,3.4383599e+19
37.597656,3.4381916e+19
37.632824,3.4378626e+19
37.695313,3.4377252e+19
37.73048,3.4369946e+19
37.792969,3.4367962e+19
37.828136,3.4361649e+19
37.890625,3.4359863e+19
37.925793,3.4354298e+19
37.988281,3.435265e+19
38.023449,3.4347653e+19
38.085938,3.4346197e+19
38.121105,3.4341637e+19
38.183594,3.4340291e+19
38.218761,3.4335722e+19
38.28125,3.433438e+19
38.316418,3.432974e+19
38.378906,3.4328392e+19
38.414074,3.4323766e+19
38.476563,3.4322424e+19
38.51173,3.4317845e+19
38.574219,3.4316508e+19
38.609386,3.4311873e+19
38.671875,3.4310529e+19
38.707043,3.4305881e+19
38.769531,3.4304537e+19
38.804699,3.4299891e+19
38.867188,3.4298548e+19
38.902355,3.42939e+19
38.964844,3.4292558e+19
39.000011,3.428791e+19
39.0625,3.4286569e+19
39.097668,3.4281919e+19
39.160156,3.4280578e+19
39.195324,3.4275924e+19
39.257813,3.4274584e+19
39.29298,3.4269914e+19
39.355469,3.4268573e+19
39.390636,3.4263794e+19
39.453125,3.4262443e+19
39.488293,3.4257772e+19
39.550781,3.4256439e+19
39.585949,3.4251449e+19
39.648438,3.4250097e+19
39.683605,3.4245536e+19
39.746094,3.4244254e+19
39.781261,3.4240275e+19
39.84375,3.4239122e+19
39.878918,3.4236915e+19
39.941406,3.4236224e+19
39.976574,3.423838e+19
40.039063,3.4238994e+19
40.07423,3.4246139e+19
40.136719,3.424829e+19
40.171886,3.4257611e+19
40.234375,3.4260347e+19
40.269543,3.4270292e+19
40.332031,3.4273185e+19
40.367199,3.4283266e+19
40.429688,3.4286197e+19
40.464855,3.4296302e+19
40.527344,3.4299245e+19
40.562511,3.4309348e+19
40.625,3.4312295e+19
40.660168,3.4322398e+19
40.722656,3.4325349e+19
40.757824,3.4335506e+19
40.820313,3.4338468e+19
40.85548,3.4349022e+19
40.917969,3.4352044e+19
40.953136,3.4363677e+19
41.015625,3.4366924e+19
41.050793,3.4374181e+19
41.113281,3.4376758e+19
41.148449,3.4386277e+19
41.210938,3.4389154e+19
41.246105,3.4399162e+19
41.308594,3.4402106e+19
41.343761,3.4412161e+19
41.40625,3.4415113e+19
41.441418,3.4425171e+19
41.503906,3.4428121e+19
41.539074,3.4438058e+19
41.601563,3.4441001e+19
41.63673,3.4449057e+19
41.699219,3.44519e+19
41.734386,3.4461539e+19
41.796875,3.4464409e+19
41.832043,3.4473184e+19
41.894531,3.4475821e+19
41.929699,3.4481491e+19
41.992188,3.4483284e+19
42.027355,3.4482664e+19
42.089844,3.4482418e+19
42.125011,3.4478178e+19
42.1875,3.4476898e+19
42.222668,3.4473222e+19
42.285156,3.4471707e+19
42.320324,3.4466189e+19
42.382813,3.4464568e+19
42.41798,3.4458921e+19
42.480469,3.4457283e+19
42.515636,3.4451478e+19
42.578125,3.4449812e+19
42.613293,3.4443977e+19
42.675781,3.4442305e+19
42.710949,3.4436455e+19
42.773438,3.4434781e+19
42.808605,3.4428928e+19
42.871094,3.4427254e+19
42.906261,3.4421399e+19
42.96875,3.4419726e+19
43.003918,3.4413867e+19
43.066406,3.4412196e+19
43.101574,3.440633e+19
43.164063,3.440466e+19
43.19923,3.4398736e+19
43.261719,3.4397062e+19
43.296886,3.4391308e+19
43.359375,3.4389659e+19
43.394543,3.4383977e+19
43.457031,3.4382345e+19
43.492199,3.4379095e+19
43.554688,3.4377781e+19
43.589855,3.4370461e+19
43.652344,3.4368527e+19
43.687511,3.4362248e+19
43.75,3.4360523e+19
43.785168,3.435467e+19
43.847656,3.4353011e+19
43.882824,3.4347528e+19
43.945313,3.4345946e+19
43.98048,3.4340728e+19
44.042969,3.4339264e+19
44.078136,3.4334584e+19
44.140625,3.4333274e+19
44.175793,3.4328793e+19
44.238281,3.4327535e+19
44.273449,3.4322947e+19
44.335938,3.4321683e+19
44.371105,3.4317124e+19
44.433594,3.4315865e+19
44.468761,3.4311336e+19
44.53125,3.4310085e+19
44.566418,3.4305596e+19
44.628906,3.430435e+19
44.664074,3.4299806e+19
44.726563,3.4298553e+19
44.76173,3.4294001e+19
44.824219,3.4292745e+19
44.859386,3.428819e+19
44.921875,3.4286929e+19
44.957043,3.4282386e+19
45.019531,3.4281119e+19
45.054699,3.4276534e+19
45.117188,3.4275249e+19
45.152355,3.4270751e+19
45.214844,3.4269456e+19
45.250011,3.4264925e+19
45.3125,3.4263587e+19
45.347668,3.4258997e+19
45.410156,3.4257585e+19
45.445324,3.4253023e+19
45.507813,3.4251493e+19
45.54298,3.4245954e+19
45.605469,3.4244041e+19
45.640636,3.4234403e+19
45.703125,3.4231329e+19
45.738293,3.4201968e+19
45.800781,3.4194123e+19
45.835949,3.4070191e+19
45.898438,3.4039717e+19
45.933605,3.3566715e+19
45.996094,3.3447049e+19
46.031261,3.2155271e+19
46.09375,3.180327e+19
46.128918,3.0011945e+19
46.191406,2.9587621e+19
46.226574,2.75605e+19
46.289063,2.7144914e+19
46.32423,2.4994758e+19
46.386719,2.461139e+19
46.421886,2.2468133e+19
46.484375,2.2131074e+19
46.519543,1.9851512e+19
46.582031,1.9551497e+19
46.617199,1.7250603e+19
46.679688,1.6992298e+19
46.714855,1.4723713e+19
46.777344,1.4507461e+19
46.812511,1.2362437e+19
46.875,1.2187453e+19
46.910168,1.0104292e+19
46.972656,9.9646219e+18
47.007824,8.0522579e+18
47.070313,7.9458642e+18
47.10548,6.2734125e+18
47.167969,6.1957843e+18
47.203136,4.6837752e+18
47.265625,4.6259308e+18
47.300793,3.3055158e+18
47.363281,3.2630369e+18
47.398449,2.1508951e+18
47.460938,2.121036e+18
47.496105,1.2566149e+18
47.558594,1.2367437e+18
47.593761,6.3176027e+17
47.65625,6.1936465e+17
47.691418,2.4912544e+17
47.753906,2.4185718e+17
47.789074,7.2701386e+16
47.851563,6.8935505e+16
47.88673,8.804803e+15
47.949219,7.2508657e+15
47.984386,-8.9937824e+15
48.046875,-9.5345011e+15
48.082043,-1.0817226e+16
48.144531,-1.0923769e+16
48.179699,-1.1036169e+16
48.242188,-1.1049816e+16
48.277355,-1.1058044e+16
48.339844,-1.1048808e+16
48.375011,-1.1044519e+16
48.4375,-1.1034628e+16
48.472668,-1.1030723e+16
48.535156,-1.1024107e+16
48.570324,-1.1021675e+16
48.632813,-1.1017552e+16
48.66798,-1.1016067e+16
48.730469,-1.1013408e+16
48.765636,-1.1012448e+16
48.828125,-1.1010638e+16
48.863293,-1.1009978e+16
48.925781,-1.1008688e+16
48.960949,-1.1008212e+16
49.023438,-1.100726e+16
49.058605,-1.1006905e+16
49.121094,-1.1006185e+16
49.156261,-1.1005914e+16
49.21875,-1.100536e+16
49.253918,-1.1005151e+16
49.316406,-1.1004721e+16
49.351574,-1.1004558e+16
49.414063,-1.1004223e+16
49.44923,-1.1004098e+16
49.511719,-1.1003838e+16
49.546886,-1.1003742e+16
49.609375,-1.1003545e+16
49.644543,-1.1003474e+16
49.707031,-1.1003329e+16
49.742199,-1.100328e+16
49.804688,-1.100318e+16
49.839855,-1.1003151e+16
49.902344,-1.1003092e+16
49.937511,-1.1003082e+16
50,-1.1003062e+16
50.062489,-1.1003082e+16
50.097656,-1.1003092e+16
50.160145,-1.1003151e+16
50.195313,-1.100318e+16
50.257801,-1.100328e+16
50.292969,-1.1003329e+16
50.355457,-1.1003474e+16
50.390625,-1.1003545e+16
50.453114,-1.1003742e+16
50.488281,-1.1003838e+16
50.55077,-1.1004098e+16
50.585938,-1.1004223e+16
50.648426,-1.1004558e+16
50.683594,-1.1004721e+16
50.746082,-1.1005151e+16
50.78125,-1.100536e+16
50.843739,-1.1005914e+16
50.878906,-1.1006185e+16
50.941395,-1.1006905e+16
50.976563,-1.100726e+16
51.039051,-1.1008212e+16
51.074219,-1.1008688e+16
51.136707,-1.1009978e+16
51.171875,-1.1010638e+16
51.234364,-1.1012448e+16
51.269531,-1.1013408e+16
51.33202,-1.1016067e+16
51.367188,-1.1017552e+16
51.429676,-1.1021675e+16
51.464844,-1.1024107e+16
51.527332,-1.1030723e+16
51.5625,-1.1034628e+16
51.624989,-1.1044519e+16
51.660156,-1.1048808e+16
51.722645,-1.1058044e+16
51.757813,-1.1049816e+16
51.820301,-1.1036169e+16
51.855469,-1.0923769e+16
51.917957,-1.0817226e+16
51.953125,-9.5345011e+15
52.015614,-8.9937824e+15
52.050781,7.2508657e+15
52.11327,8.804803e+15
52.148438,6.8935505e+16
52.210926,7.2701386e+16
52.246094,2.4185718e+17
52.308582,2.4912544e+17
52.34375,6.1936465e+17
52.406239,6.3176027e+17
52.441406,1.2367437e+18
52.503895,1.2566149e+18
52.539063,2.121036e+18
52.601551,2.1508951e+18
52.636719,3.2630369e+18
52.699207,3.3055158e+18
52.734375,4.6259308e+18
52.796864,4.6837752e+18
52.832031,6.1957843e+18
52.89452,6.2734125e+18
52.929688,7.9458642e+18
52.992176,8.0522579e+18
53.027344,9.9646219e+18
53.089832,1.0104292e+19
53.125,1.2187453e+19
53.187489,1.2362437e+19
53.222656,1.4507461e+19
53.285145,1.4723713e+19
53.320313,1.6992298e+19
53.382801,1.7250603e+19
53.417969,1.9551497e+19
53.480457,1.9851512e+19
53.515625,2.2131074e+19
53.578114,2.2468133e+19
53.613281,2.461139e+19
53.67577,2.4994758e+19
53.710938,2.7144914e+19
53.773426,2.75605e+19
53.808594,2.9587621e+19
53.871082,3.0011945e+19
53.90625,3.180327e+19
53.968739,3.2155271e+19
54.003906,3.3447049e+19
54.066395,3.3566715e+19
54.101563,3.4039717e+19
54.164051,3.4070191e+19
54.199219,3.4194123e+19
54.261707,3.4201968e+19
54.296875,3.4231329e+19
54.359364,3.4234403e+19
54.394531,3.4244041e+19
54.45702,3.4245954e+19
54.492188,3.4251493e+19
54.554676,3.4253023e+19
54.589844,3.4257585e+19
54.652332,3.4258997e+19
54.6875,3.4263587e+19
54.749989,3.4264925e+19
54.785156,3.4269456e+19
54.847645,3.4270751e+19
54.882813,3.4275249e+19
54.945301,3.4276534e+19
54.980469,3.4281119e+19
55.042957,3.4282386e+19
55.078125,3.4286929e+19
55.140614,3.428819e+19
55.175781,3.4292745e+19
55.23827,3.4294001e+19
55.273438,3.4298553e+19
55.335926,3.4299806e+19
55.371094,3.430435e+19
55.433582,3.4305596e+19
55.46875,3.4310085e+19
55.531239,3.4311336e+19
55.566406,3.4315865e+19
55.628895,3.4317124e+19
55.664063,3.4321683e+19
55.726551,3.4322947e+19
55.761719,3.4327535e+19
55.824207,3.4328793e+19
55.859375,3.4333274e+19
55.921864,3.4334584e+19
55.957031,3.4339264e+19
56.01952,3.4340728e+19
56.054688,3.4345946e+19
56.117176,3.4347528e+19
56.152344,3.4353011e+19
56.214832,3.435467e+19
56.25,3.4360523e+19
56.312489,3.4362248e+19
56.347656,3.4368527e+19
56.410145,3.4370461e+19
56.445313,3.4377781e+19
56.507801,3.4379095e+19
56.542969,3.4382345e+19
56.605457,3.4383977e+19
56.640625,3.4389659e+19
56.703114,3.4391308e+19
56.738281,3.4397062e+19
56.80077,3.4398736e+19
56.835938,3.440466e+19
56.898426,3.440633e+19
56.933594,3.4412196e+19
56.996082,3.4413867e+19
57.03125,3.4419726e+19
57.093739,3.4421399e+19
57.128906,3.4427254e+19
57.191395,3.4428928e+19
57.226563,3.4434781e+19
57.289051,3.4436455e+19
57.324219,3.4442305e+19
57.386707,3.4443977e+19
57.421875,3.4449812e+19
57.484364,3.4451478e+19
57.519531,3.4457283e+19
57.58202,3.4458921e+19
57.617188,3.4464568e+19
57.679676,3.4466189e+19
57.714844,3.4471707e+19
57.777332,3.4473222e+19
57.8125,3.4476898e+19
57.874989,3.4478178e+19
57.910156,3.4482418e+19
57.972645,3.4482664e+19
58.007813,3.4483284e+19
58.070301,3.4481491e+19
58.105469,3.4475821e+19
58.167957,3.4473184e+19
58.203125,3.4464409e+19
58.265614,3.4461539e+19
58.300781,3.44519e+19
58.36327,3.4449057e+19
58.398438,3.4441001e+19
58.460926,3.4438058e+19
58.496094,3.4428121e+19
58.558582,3.4425171e+19
58.59375,3.4415113e+19
58.656239,3.4412161e+19
58.691406,3.4402106e+19
58.753895,3.4399162e+19
58.789063,3.4389154e+19
58.851551,3.4386277e+19
58.886719,3.4376758e+19
58.949207,3.4374181e+19
58.984375,3.4366924e+19
59.046864,3.4363677e+19
59.082031,3.4352044e+19
59.14452,3.4349022e+19
59.179688,3.4338468e+19
59.242176,3.4335506e+19
59.277344,3.4325349e+19
59.339832,3.4322398e+19
59.375,3.4312295e+19
59.437489,3.4309348e+19
59.472656,3.4299245e+19
59.535145,3.4296302e+19
59.570313,3.4286197e+19
59.632801,3.4283266e+19
59.667969,3.4273185e+19
59.730457,3.4270292e+19
59.765625,3.4260347e+19
59.828114,3.4257611e+19
59.863281,3.424829e+19
59.92577,3.4246139e+19
59.960938,3.4238994e+19
60.023426,3.423838e+19
60.058594,3.4236224e+19
60.121082,3.4236915e+19
60.15625,3.4239122e+19
60.218739,3.4240275e+19
60.253906,3.4244254e+19
60.316395,3.4245536e+19
60.351563,3.4250097e+19
60.414051,3.4251449e+19
60.449219,3.4256439e+19
60.511707,3.4257772e+19
60.546875,3.4262443e+19
60.609364,3.4263794e+19
60.644531,3.4268573e+19
60.70702,3.4269914e+19
60.742188,3.4274584e+19
60.804676,3.4275924e+19
60.839844,3.4280578e+19
60.902332,3.4281919e+19
60.9375,3.4286569e+19
60.999989,3.428791e+19
61.035156,3.4292558e+19
61.097645,3.42939e+19
61.132813,3.4298548e+19
61.195301,3.4299891e+19
61.230469,3.4304537e+19
61.292957,3.4305881e+19
61.328125,3.4310529e+19
61.390614,3.4311873e+19
61.425781,3.4316508e+19
61.48827,3.4317845e+19
61.523438,3.4322424e+19
61.585926,3.4323766e+19
61.621094,3.4328392e+19
61.683582,3.432974e+19
61.71875,3.433438e+19
61.781239,3.4335722e+19
61.816406,3.4340291e+19
61.878895,3.4341637e+19
61.914063,3.4346197e+19
61.976551,3.4347653e+19
62.011719,3.435265e+19
62.074207,3.4354298e+19
62.109375,3.4359863e+19
62.171864,3.4361649e+19
62.207031,3.4367962e+19
62.26952,3.4369946e+19
62.304688,3.4377252e+19
62.367176,3.4378626e+19
62.402344,3.4381916e+19
62.464832,3.4383599e+19
62.5,3.4389266e+19
62.562489,3.4390985e+19
62.597656,3.4396885e+19
62.660145,3.439861e+19
62.695313,3.4404532e+19
62.757801,3.4406256e+19
62.792969,3.4412167e+19
62.855457,3.4413892e+19
62.890625,3.4419799e+19
62.953114,3.4421525e+19
62.988281,3.4427432e+19
63.05077,3.4429158e+19
63.085938,3.4435064e+19
63.148426,3.4436789e+19
63.183594,3.4442692e+19
63.246082,3.4444415e+19
63.28125,3.4450308e+19
63.343739,3.4452025e+19
63.378906,3.4457884e+19
63.441395,3.4459576e+19
63.476563,3.4465283e+19
63.539051,3.4466966e+19
63.574219,3.4472589e+19
63.636707,3.4474228e+19
63.671875,3.4478306e+19
63.734364,3.4479963e+19
63.769531,3.4485531e+19
63.83202,3.4487016e+19
63.867188,3.4492019e+19
63.929676,3.449288e+19
63.964844,3.4495811e+19
64.027336,3.4494804e+19
64.0625,3.4491221e+19
64.124992,3.4488907e+19
64.160156,3.4481212e+19
64.222649,3.4478407e+19
64.257813,3.4468891e+19
64.320305,3.4465954e+19
64.355469,3.4455985e+19
64.417961,3.44531e+19
64.453125,3.4444821e+19
64.515617,3.4441843e+19
64.550781,3.443171e+19
64.613274,3.4428725e+19
64.648438,3.4418478e+19
64.71093,3.4415491e+19
64.746094,3.4405249e+19
64.808586,3.440227e+19
64.84375,3.4392075e+19
64.906242,3.4389164e+19
64.941406,3.4379457e+19
65.003899,3.4376846e+19
65.039063,3.4369399e+19
65.101555,3.4366118e+19
65.136719,3.4354301e+19
65.199211,3.4351244e+19
65.234375,3.4340505e+19
65.296867,3.4337508e+19
65.332031,3.4327165e+19
65.394524,3.4324179e+19
65.429688,3.4313891e+19
65.49218,3.4310909e+19
65.527344,3.4300623e+19
65.589836,3.4297648e+19
65.625,3.4287369e+19
65.687492,3.4284415e+19
65.722656,3.4274203e+19
65.785149,3.4271332e+19
65.820313,3.4261437e+19
65.882805,3.4258895e+19
65.917969,3.4250271e+19
65.980461,3.4248764e+19
66.015625,3.4243762e+19
66.078117,3.4244119e+19
66.113281,3.4245028e+19
66.175774,3.4246132e+19
66.210938,3.4249813e+19
66.27343,3.4251118e+19
66.308594,3.4255663e+19
66.371086,3.425704e+19
66.40625,3.4261981e+19
66.468742,3.4263363e+19
66.503906,3.4268185e+19
66.566399,3.4269594e+19
66.601563,3.4274526e+19
66.664055,3.4275934e+19
66.699219,3.4280873e+19
66.761711,3.4282267e+19
66.796875,3.4287073e+19
66.859367,3.4288466e+19
66.894531,3.429325e+19
66.957024,3.4294644e+19
66.992188,3.4299425e+19
67.05468,3.430082e+19
67.089844,3.43056e+19
67.152336,3.4306996e+19
67.1875,3.4311775e+19
67.249992,3.4313171e+19
67.285156,3.4317949e+19
67.347649,3.4319347e+19
67.382813,3.4324123e+19
67.445305,3.4325522e+19
67.480469,3.4330299e+19
67.542961,3.4331698e+19
67.578125,3.4336471e+19
67.640617,3.433787e+19
67.675781,3.4342632e+19
67.738274,3.434403e+19
67.773438,3.4348761e+19
67.83593,3.4350167e+19
67.871094,3.4354922e+19
67.933586,3.435637e+19
67.96875,3.4361156e+19
68.031242,3.4362829e+19
68.066406,3.4368639e+19
68.128899,3.4370619e+19
68.164063,3.4377844e+19
68.226555,3.4379246e+19
68.261719,3.438259e+19
68.324211,3.4384307e+19
68.359375,3.4390037e+19
68.421867,3.4391788e+19
68.457031,3.4397731e+19
68.519524,3.439949e+19
68.554688,3.4405476e+19
68.61718,3.4407236e+19
68.652344,3.4413216e+19
68.714836,3.4414978e+19
68.75,3.4420955e+19
68.812492,3.4422717e+19
68.847656,3.4428693e+19
68.910149,3.4430456e+19
68.945313,3.443643e+19
69.007805,3.4438193e+19
69.042969,3.4444164e+19
69.105461,3.4445925e+19
69.140625,3.4451884e+19
69.203117,3.4453639e+19
69.238281,3.4459566e+19
69.300774,3.4461298e+19
69.335938,3.4467079e+19
69.39843,3.4468809e+19
69.433594,3.447454e+19
69.496086,3.4476255e+19
69.53125,3.4480599e+19
69.593742,3.4482334e+19
69.628906,3.4488107e+19
69.691399,3.4489832e+19
69.726563,3.4495636e+19
69.789055,3.4497276e+19
69.824219,3.4502735e+19
69.886711,3.4503999e+19
69.921875,3.4508074e+19
69.984367,3.450808e+19
70.019531,3.4507725e+19
70.082024,3.4505794e+19
70.117188,3.4499462e+19
70.17968,3.4496737e+19
70.214844,3.4487512e+19
70.277336,3.4484567e+19
70.3125,3.4474428e+19
70.374992,3.4471436e+19
70.410156,3.4461182e+19
70.472649,3.4458263e+19
70.507813,3.4449783e+19
70.570305,3.4446775e+19
70.605469,3.4436456e+19
70.667961,3.4433442e+19
70.703125,3.4423005e+19
70.765617,3.4419988e+19
70.800781,3.4409548e+19
70.863274,3.4406532e+19
70.898438,3.4396087e+19
70.96093,3.4393083e+19
70.996094,3.4382684e+19
71.058586,3.4379748e+19
71.09375,3.4369836e+19
71.156242,3.4367204e+19
71.191406,3.435957e+19
71.253899,3.4356271e+19
71.289063,3.4344293e+19
71.351555,3.4341217e+19
71.386719,3.433028e+19
71.449211,3.4327266e+19
71.484375,3.4316724e+19
71.546867,3.4313724e+19
71.582031,3.430324e+19
71.644524,3.4300256e+19
71.679688,3.4289806e+19
71.74218,3.4286866e+19
71.777344,3.4276575e+19
71.839836,3.4273821e+19
71.875,3.426427e+19
71.937492,3.4262201e+19
71.972656,3.4255179e+19
72.035149,3.425486e+19
72.070313,3.4253433e+19
72.132805,3.4254327e+19
72.167969,3.4257033e+19
72.230461,3.4258335e+19
72.265625,3.4262629e+19
72.328117,3.4264046e+19
72.363281,3.4268873e+19
72.425774,3.4270352e+19
72.460938,3.4275519e+19
72.52343,3.4276984e+19
72.558594,3.4281891e+19
72.621086,3.4283357e+19
72.65625,3.428825e+19
72.718742,3.4289715e+19
72.753906,3.42946e+19
72.816399,3.4296064e+19
72.851563,3.430095e+19
72.914055,3.430241e+19
72.949219,3.43073e+19
73.011711,3.4308753e+19
73.046875,3.4313651e+19
73.109367,3.4315092e+19
73.144531,3.4319993e+19
73.207024,3.4321414e+19
73.242188,3.4326313e+19
73.30468,3.4327685e+19
73.339844,3.4332452e+19
73.402336,3.4333772e+19
73.4375,3.4338594e+19
73.499992,3.4339791e+19
73.535156,3.4344399e+19
73.597649,3.4345257e+19
73.632813,3.4348996e+19
73.695305,3.4348733e+19
73.730469,3.4348559e+19
73.792961,3.434376e+19
73.828125,3.4325551e+19
73.890617,3.4301737e+19
73.925781,3.4209631e+19
73.988274,3.4124682e+19
74.023438,3.3815658e+19
74.08593,3.3624022e+19
74.121094,3.2929625e+19
74.183586,3.2648395e+19
74.21875,3.1538895e+19
74.281242,3.1144425e+19
74.316406,2.946659e+19
74.378899,2.9057318e+19
74.414063,2.7054114e+19
74.476555,2.6672356e+19
74.511719,2.45227e+19
74.574211,2.4186773e+19
74.609375,2.2039001e+19
74.671867,2.1739569e+19
74.707031,1.945091e+19
74.769524,1.9193478e+19
74.804688,1.6884445e+19
74.86718,1.6669296e+19
74.902344,1.439536e+19
74.964836,1.4221612e+19
75,1.2073296e+19
75.062492,1.1934946e+19
75.097656,9.8526969e+18
75.160149,9.7476764e+18
75.195313,7.8403602e+18
75.257805,7.7638126e+18
75.292969,6.0969381e+18
75.355461,6.0398311e+18
75.390625,4.5300352e+18
75.453117,4.488294e+18
75.488281,3.1747978e+18
75.550774,3.1456137e+18
75.585938,2.0474646e+18
75.64843,2.0279796e+18
75.683594,1.1767115e+18
75.746086,1.1644949e+18
75.78125,5.7166648e+17
75.843742,5.6462717e+17
75.878906,2.0878332e+17
75.941399,2.046812e+17
75.976563,2.1632794e+16
76.039055,2.0788063e+16
76.074219,-8.7437469e+15
76.136711,-8.8832097e+15
76.171875,-1.0880944e+16
76.234367,-1.0904599e+16
76.269531,-1.1027311e+16
76.332024,-1.1022815e+16
76.367188,-1.1033317e+16
76.42968,-1.1025943e+16
76.464844,-1.1023235e+16
76.527336,-1.101815e+16
76.5625,-1.101518e+16
76.624992,-1.1012069e+16
76.660156,-1.101025e+16
76.722649,-1.1008291e+16
76.757813,-1.1007225e+16
76.820305,-1.1005911e+16
76.855469,-1.1005243e+16
76.917961,-1.1004311e+16
76.953125,-1.1003858e+16
77.015617,-1.1003167e+16
77.050781,-1.1002839e+16
77.113274,-1.1002308e+16
77.148438,-1.1002059e+16
77.21093,-1.1001641e+16
77.246094,-1.1001445e+16
77.308586,-1.1001108e+16
77.34375,-1.1000951e+16
77.406242,-1.1000675e+16
77.441406,-1.1000544e+16
77.503899,-1.1000313e+16
77.539063,-1.1000202e+16
77.601555,-1.1000008e+16
77.636719,-1.0999913e+16
77.699211,-1.0999747e+16
77.734375,-1.0999664e+16
77.796867,-1.0999521e+16
77.832031,-1.099945e+16
77.894524,-1.0999326e+16
77.929688,-1.0999263e+16
77.99218,-1.0999154e+16
78.027344,-1.0999099e+16
78.089836,-1.0999003e+16
78.125,-1.0998954e+16
78.187492,-1.099887e+16
78.222656,-1.0998826e+16
78.285149,-1.0998751e+16
78.320313,-1.0998712e+16
78.382805,-1.0998645e+16
78.417969,-1.099861e+16
78.480461,-1.0998551e+16
78.515625,-1.0998519e+16
78.578117,-1.0998466e+16
78.613281,-1.0998438e+16
78.675774,-1.099839e+16
78.710938,-1.0998365e+16
78.77343,-1.0998323e+16
78.808594,-1.09983e+16
78.871086,-1.0998262e+16
78.90625,-1.0998243e+16
78.968742,-1.0998208e+16
79.003906,-1.0998191e+16
79.066399,-1.099816e+16
79.101563,-1.0998145e+16
79.164055,-1.0998118e+16
79.199219,-1.0998105e+16
79.261711,-1.0998081e+16
79.296875,-1.099807e+16
79.359367,-1.0998048e+16
79.394531,-1.0998039e+16
79.457024,-1.0998021e+16
79.492188,-1.0998013e+16
79.55468,-1.0997997e+16
79.589844,-1.0997991e+16
79.652336,-1.0997977e+16
79.6875,-1.0997973e+16
79.749992,-1.0997962e+16
79.785156,-1.0997959e+16
79.847649,-1.099795e+16
79.882813,-1.0997949e+16
79.945305,-1.0997941e+16
79.980469,-1.0997942e+16
80.042961,-1.0997937e+16
80.078125,-1.0997939e+16
80.140617,-1.0997936e+16
80.175781,-1.099794e+16
80.238274,-1.0997938e+16
80.273438,-1.0997944e+16
80.33593,-1.0997943e+16
80.371094,-1.0997951e+16
80.433586,-1.0997952e+16
80.46875,-1.0997961e+16
80.531242,-1.0997965e+16
80.566406,-1.0997975e+16
80.628899,-1.0997981e+16
80.664063,-1.0997993e+16
80.726555,-1.0998e+16
80.761719,-1.0998014e+16
80.824211,-1.0998023e+16
80.859375,-1.0998039e+16
80.921867,-1.099805e+16
80.957031,-1.0998068e+16
81.019524,-1.0998081e+16
81.054688,-1.09981e+16
81.11718,-1.0998115e+16
81.152344,-1.0998137e+16
81.214836,-1.0998154e+16
81.25,-1.0998178e+16
81.312492,-1.0998197e+16
81.347656,-1.0998223e+16
81.410149,-1.0998244e+16
81.445313,-1.0998272e+16
81.507805,-1.0998296e+16
81.542969,-1.0998327e+16
81.605461,-1.0998353e+16
81.640625,-1.0998387e+16
81.703117,-1.0998416e+16
81.738281,-1.0998453e+16
81.800774,-1.0998484e+16
81.835938,-1.0998525e+16
81.89843,-1.0998559e+16
81.933594,-1.0998603e+16
81.996086,-1.0998641e+16
82.03125,-1.0998688e+16
82.093742,-1.099873e+16
82.128906,-1.0998782e+16
82.191399,-1.0998827e+16
82.226563,-1.0998883e+16
82.289055,-1.0998933e+16
82.324219,-1.0998995e+16
82.386711,-1.0999049e+16
82.421875,-1.0999117e+16
82.484367,-1.0999177e+16
82.519531,-1.0999251e+16
82.582024,-1.0999316e+16
82.617188,-1.0999399e+16
82.67968,-1.099947e+16
82.714844,-1.0999561e+16
82.777336,-1.099964e+16
82.8125,-1.0999742e+16
82.874992,-1.0999829e+16
82.910156,-1.0999942e+16
82.972649,-1.100004e+16
83.007813,-1.1000167e+16
83.070305,-1.1000276e+16
83.105469,-1.1000421e+16
83.167961,-1.1000547e+16
83.203125,-1.1000719e+16
83.265617,-1.1000892e+16
83.300781,-1.1001152e+16
83.363274,-1.100163e+16
83.398438,-1.1002493e+16
83.46093,-1.100531e+16
83.496094,-1.1010837e+16
83.558586,-1.1029991e+16
83.59375,-1.1068187e+16
83.656242,-1.1184572e+16
83.691406,-1.1417711e+16
83.753899,-1.2007018e+16
83.789063,-1.3190681e+16
83.851555,-1.5560144e+16
83.886719,-2.0327727e+16
83.949211,-2.7448567e+16
83.984375,-4.1768571e+16
84.046867,-5.6525103e+16
84.082031,-8.6042571e+16
84.144524,-1.0589035e+17
84.179688,-1.4519334e+17
84.24218,-1.6628139e+17
84.277344,-2.0762155e+17
84.339836,-2.2867866e+17
84.375,-2.6951194e+17
84.437492,-2.9128016e+17
84.472656,-3.3280985e+17
84.535149,-3.5732204e+17
84.570313,-4.0268946e+17
84.632805,-4.333564e+17
84.667969,-4.8737478e+17
84.730461,-5.267103e+17
84.765625,-5.9243954e+17
84.828117,-6.3793907e+17
84.863281,-7.1152936e+17
84.925774,-7.6038696e+17
84.960938,-8.3780066e+17
85.02343,-8.8861589e+17
85.058594,-9.6768852e+17
85.121086,-1.0200664e+18
85.15625,-1.0999785e+18
85.218742,-1.1539383e+18
85.253906,-1.2344525e+18
85.316399,-1.2900329e+18
85.351563,-1.370962e+18
85.414055,-1.4282207e+18
85.449219,-1.50946e+18
85.511711,-1.5684026e+18
85.546875,-1.6498207e+18
85.609367,-1.7102246e+18
85.644531,-1.7913407e+18
85.707024,-1.852273e+18
85.742188,-1.93171e+18
85.80468,-1.9903862e+18
85.839844,-2.0646037e+18
85.902336,-2.1151878e+18
85.9375,-2.1776573e+18
85.999992,-2.2129768e+18
86.035156,-2.2566375e+18
86.097649,-2.2748377e+18
86.132813,-2.2985152e+18
86.195305,-2.3054845e+18
86.230469,-2.3155803e+18
86.292961,-2.3175875e+18
86.328125,-2.3211713e+18
86.390617,-2.3215672e+18
86.425781,-2.3227533e+18
86.488274,-2.3227571e+18
86.523438,-2.3232111e+18
86.58593,-2.3231557e+18
86.621094,-2.3234025e+18
86.683586,-2.3233561e+18
86.71875,-2.3235354e+18
86.781242,-2.3235055e+18
86.816406,-2.323652e+18
86.878899,-2.3236363e+18
86.914063,-2.3237597e+18
86.976555,-2.3237556e+18
87.011719,-2.3238603e+18
87.074211,-2.3238661e+18
87.109375,-2.3239544e+18
87.171867,-2.3239694e+18
87.207031,-2.3240425e+18
87.269524,-2.324067e+18
87.304688,-2.3241253e+18
87.36718,-2.3241596e+18
87.402344,-2.3242008e+18
87.464836,-2.324242e+18
87.5,-2.3242545e+18
87.562492,-2.3242781e+18
87.597656,-2.3242117e+18
87.660149,-2.3241039e+18
87.695313,-2.3237748e+18
87.757805,-2.3231424e+18
87.792969,-2.3219979e+18
87.855461,-2.3198454e+18
87.890625,-2.3166263e+18
87.953117,-2.3113289e+18
87.988281,-2.3041649e+18
88.050774,-2.2947425e+18
88.085938,-2.2826192e+18
88.14843,-2.2706127e+18
88.183594,-2.2551935e+18
88.246086,-2.2428435e+18
88.28125,-2.2266664e+18
88.343742,-2.2148384e+18
88.378906,-2.1990376e+18
88.441399,-2.1873165e+18
88.476563,-2.1715153e+18
88.539055,-2.1587387e+18
88.574219,-2.1416466e+18
88.636711,-2.1261822e+18
88.671875,-2.1060591e+18
88.734367,-2.0869506e+18
88.769531,-2.0628224e+18
88.832024,-2.0412837e+18
88.867188,-2.0142303e+18
88.92968,-1.9917411e+18
88.964844,-1.9632819e+18
89.027336,-1.9406289e+18
89.0625,-1.9116675e+18
89.124992,-1.8891293e+18
89.160156,-1.8600218e+18
89.222649,-1.8376753e+18
89.257813,-1.8085304e+18
89.320305,-1.7863964e+18
89.355469,-1.7572441e+18
89.417961,-1.7353303e+18
89.453125,-1.7061782e+18
89.515617,-1.6844841e+18
89.550781,-1.6553206e+18
89.613274,-1.6338268e+18
89.648438,-1.6045908e+18
89.71093,-1.5832272e+18
89.746094,-1.5537969e+18
89.808586,-1.5323717e+18
89.84375,-1.5023519e+18
89.906242,-1.4805532e+18
89.941406,-1.4492888e+18
90.003899,-1.4269492e+18
90.039063,-1.3939471e+18
90.101555,-1.3714436e+18
90.136719,-1.3371779e+18
90.199211,-1.315361e+18
90.234375,-1.2812701e+18
90.296867,-1.2606693e+18
90.332031,-1.2277789e+18
90.394524,-1.2079876e+18
90.429688,-1.1759264e+18
90.49218,-1.1558904e+18
90.527344,-1.1232446e+18
90.589836,-1.1012566e+18
90.625,-1.0657158e+18
90.687492,-1.0400719e+18
90.722656,-9.9935797e+17
90.785149,-9.7050452e+17
90.820313,-9.249879e+17
90.882805,-8.9474191e+17
90.917969,-8.4667485e+17
90.980461,-8.1632003e+17
91.015625,-7.6746622e+17
91.078117,-7.3749864e+17
91.113281,-6.88654e+17
91.175774,-6.5921001e+17
91.210938,-6.1071747e+17
91.27343,-5.8176849e+17
91.308594,-5.3364914e+17
91.371086,-5.051596e+17
91.40625,-4.5740095e+17
91.468742,-4.2936954e+17
91.503906,-3.8200759e+17
91.566399,-3.5447154e+17
91.601563,-3.0756082e+17
91.664055,-2.8063758e+17
91.699219,-2.3428155e+17
91.761711,-2.0841515e+17
91.796875,-1.6324111e+17
91.859367,-1.3988183e+17
91.894531,-9.8392854e+16
91.957024,-8.0691299e+16
91.992188,-4.8713948e+16
92.05468,-3.9652201e+16
92.089844,-2.3100991e+16
92.152336,-1.9888583e+16
92.1875,-1.3993167e+16
92.249992,-1.3148073e+16
92.285156,-1.159534e+16
92.347649,-1.1420585e+16
92.382813,-1.1099809e+16
92.445305,-1.1070013e+16
92.480469,-1.1015586e+16
92.542961,-1.1011095e+16
92.578125,-1.1003084e+16
92.640617,-1.1002323e+16
92.675781,-1.1001111e+16
92.738274,-1.1000852e+16
92.773438,-1.1000528e+16
92.83593,-1.1000351e+16
92.871094,-1.1000154e+16
92.933586,-1.1000006e+16
92.96875,-1.0999845e+16
93.031242,-1.0999717e+16
93.066406,-1.0999577e+16
93.128899,-1.0999464e+16
93.164063,-1.0999341e+16
93.226555,-1.099924e+16
93.261719,-1.0999131e+16
93.324211,-1.099904e+16
93.359375,-1.0998942e+16
93.421867,-1.099886e+16
93.457031,-1.0998771e+16
93.519524,-1.0998696e+16
93.554688,-1.0998616e+16
93.61718,-1.0998548e+16
93.652344,-1.0998474e+16
93.714836,-1.0998411e+16
93.75,-1.0998344e+16
93.812492,-1.0998286e+16
93.847656,-1.0998223e+16
93.910149,-1.099817e+16
93.945313,-1.0998112e+16
94.007805,-1.0998062e+16
94.042969,-1.0998009e+16
94.105461,-1.0997962e+16
94.140625,-1.0997912e+16
94.203117,-1.0997869e+16
94.238281,-1.0997822e+16
94.300774,-1.0997782e+16
94.335938,-1.0997738e+16
94.39843,-1.09977e+16
94.433594,-1.0997659e+16
94.496086,-1.0997623e+16
94.53125,-1.0997585e+16
94.593742,-1.0997551e+16
94.628906,-1.0997515e+16
94.691399,-1.0997483e+16
94.726563,-1.0997449e+16
94.789055,-1.0997419e+16
94.824219,-1.0997386e+16
94.886711,-1.0997358e+16
94.921875,-1.0997327e+16
94.984367,-1.09973e+16
95.019531,-1.0997271e+16
95.082024,-1.0997246e+16
95.117188,-1.0997218e+16
95.17968,-1.0997194e+16
95.214844,-1.0997168e+16
95.277336,-1.0997144e+16
95.3125,-1.099712e+16
95.374992,-1.0997098e+16
95.410156,-1.0997074e+16
95.472649,-1.0997053e+16
95.507813,-1.0997031e+16
95.570305,-1.0997011e+16
95.605469,-1.0996989e+16
95.667961,-1.099697e+16
95.703125,-1.099695e+16
95.765617,-1.0996932e+16
95.800781,-1.0996912e+16
95.863274,-1.0996895e+16
95.898438,-1.0996876e+16
95.96093,-1.099686e+16
95.996094,-1.0996842e+16
96.058586,-1.0996826e+16
96.09375,-1.0996809e+16
96.156242,-1.0996794e+16
96.191406,-1.0996778e+16
96.253899,-1.0996764e+16
96.289063,-1.0996748e+16
96.351555,-1.0996735e+16
96.386719,-1.099672e+16
96.449211,-1.0996707e+16
96.484375,-1.0996693e+16
96.546867,-1.099668e+16
96.582031,-1.0996667e+16
96.644524,-1.0996655e+16
96.679688,-1.0996642e+16
96.74218,-1.099663e+16
96.777344,-1.0996618e+16
96.839836,-1.0996607e+16
96.875,-1.0996595e+16
96.937492,-1.0996585e+16
96.972656,-1.0996574e+16
97.035149,-1.0996564e+16
97.070313,-1.0996553e+16
97.132805,-1.0996544e+16
97.167969,-1.0996533e+16
97.230461,-1.0996524e+16
97.265625,-1.0996514e+16
97.328117,-1.0996506e+16
97.363281,-1.0996497e+16
97.425774,-1.0996488e+16
97.460938,-1.0996479e+16
97.52343,-1.0996472e+16
97.558594,-1.0996463e+16
97.621086,-1.0996456e+16
97.65625,-1.0996448e+16
97.718742,-1.0996441e+16
97.753906,-1.0996433e+16
97.816399,-1.0996427e+16
97.851563,-1.0996419e+16
97.914055,-1.0996413e+16
97.949219,-1.0996406e+16
98.011711,-1.09964e+16
98.046875,-1.0996394e+16
98.109367,-1.0996388e+16
98.144531,-1.0996382e+16
98.207024,-1.0996377e+16
98.242188,-1.0996371e+16
98.30468,-1.0996366e+16
98.339844,-1.0996361e+16
98.402336,-1.0996356e+16
98.4375,-1.0996351e+16
98.499992,-1.0996347e+16
98.535156,-1.0996342e+16
98.597649,-1.0996338e+16
98.632813,-1.0996333e+16
98.695305,-1.0996329e+16
98.730469,-1.0996325e+16
98.792961,-1.0996322e+16
98.828125,-1.0996318e+16
98.890617,-1.0996315e+16
98.925781,-1.0996311e+16
98.988274,-1.0996308e+16
99.023438,-1.0996305e+16
99.08593,-1.0996303e+16
99.121094,-1.09963e+16
99.183586,-1.0996297e+16
99.21875,-1.0996295e+16
99.281242,-1.0996293e+16
99.316406,-1.099629e+16
99.378899,-1.0996288e+16
99.414063,-1.0996286e+16
99.476555,-1.0996285e+16
99.511719,-1.0996283e+16
99.574211,-1.0996282e+16
99.609375,-1.0996281e+16
99.671867,-1.0996281e+16
99.707031,-1.0996281e+16
99.769524,-1.0996283e+16
99.804688,-1.0996289e+16
99.86718,-1.0996295e+16
99.902344,-1.0996309e+16
99.964836,-1.0996315e+16
100,-1.0996328e+16

