NetActive(C1(n21_fps)) X,NetActive(C1(n21_fps)) Y
-2.0626006,0
-1.1797755,0
-0.99966288,0
-0.99966288,0
-0.73836291,0
-0.2969504,0
-0.076244123,0
-0.0052662785,0
-0.0052662785,0
0.034109008,0
0.093917727,0
0.093917727,3.0096265e+16
0.14446214,2.5179439e+16
0.25481528,1.9012755e+16
0.36516842,1.9023614e+16
0.47552153,1.8753163e+16
0.58587468,1.7955786e+16
0.69622779,1.6931565e+16
0.80658096,1.5774801e+16
0.91693407,1.4515998e+16
1.0272872,1.3176827e+16
1.2479935,1.0319087e+16
1.4686997,7.3901047e+15
1.9101123,1.8190787e+15
2.3515248,-2.7664515e+15
2.7929373,-6.0237989e+15
3.23435,-7.9961233e+15
3.6757624,-8.8341061e+15
4.1171751,-9.5422515e+15
4.5585876,-9.7197376e+15
5,-9.8467775e+15

