NetActive(C2(n21_3e11_fps)) X,NetActive(C2(n21_3e11_fps)) Y
-2.0626006,0
-1.1797755,0
-0.73836291,0
-0.2969504,0
-0.076244123,0
-0.0049534775,0
-0.0049534775,0
0.034109008,0
0.093682639,0
0.093682639,-1.1931056e+18
0.14446214,-1.4673812e+18
0.25481528,-1.3521556e+18
0.36516842,-4.9134118e+17
0.47552153,-9.6758629e+16
0.58587468,-1.125696e+15
0.69622779,1.4389887e+16
0.80658096,1.5493969e+16
0.91693407,1.4497051e+16
1.0272872,1.3184987e+16
1.2479935,1.0329737e+16
1.4686997,7.4000129e+15
1.9101123,1.8231485e+15
2.3515248,-2.7780638e+15
2.7929373,-6.046048e+15
3.23435,-8.0431395e+15
3.6757624,-8.8619147e+15
4.1171751,-9.5418998e+15
4.5585876,-9.7193148e+15
5,-9.8458292e+15

